,type,regressor,preprocess_params,interaction_degree_mean,interaction_degree_std,reduction_factors_mean,reduction_factors_std,test_param_mean,test_param_std,training_size_mean,training_size_std,RNez_MAE_mean,RNez_MAE_std,RNez_MAE_bs_ci_low,RNez_MAE_bs_ci_up,RNez_RMSE_mean,RNez_RMSE_std,RNez_RMSE_bs_ci_low,RNez_RMSE_bs_ci_up,RNez_time_err_mean,RNez_time_err_std,RNez_relative_err_mean,RNez_relative_err_std,RNez_max_error_mean,RNez_max_error_std,RMax_MAE_mean,RMax_MAE_std,RMax_MAE_bs_ci_low,RMax_MAE_bs_ci_up,RMax_RMSE_mean,RMax_RMSE_std,RMax_RMSE_bs_ci_low,RMax_RMSE_bs_ci_up,RMax_time_err_mean,RMax_time_err_std,RMax_relative_err_mean,RMax_relative_err_std,RMax_max_error_mean,RMax_max_error_std,MAE_mean,MAE_std,MAE_bs_ci_low,MAE_bs_ci_up,RMSE_mean,RMSE_std,RMSE_bs_ci_low,RMSE_bs_ci_up,pred_time_mean,pred_time_std,eval_reps_mean,eval_reps_std,fit_time_mean,fit_time_std
0,Test_Data,Ridge,"(False, True, True, True)",1.0,0.0,-1.0,0.0,0.0,0.0,700.0,0.0,0.8776184381660809,0.0359475265646131,0.8704645879267167, 0.8872945309654916,1.1578266773804071,0.0579717725312323,1.142005328992493, 1.1717367685726163,0.0014821457182769,6.27912911679757e-05,0.1582078835342767,0.0060931092691322,4.511612543848868,0.6483567064361667,1.966253852983808,0.075649991285228,1.9445313515800393, 1.9856968565496431,2.4323248078751645,0.0898269493476223,2.4064520106704093, 2.4571751455805737,0.0033204575461755,0.000127348406498,0.1451681263965189,0.0089830459490571,7.327769967026779,0.6672032428007887,1.4219361455749444,0.0453301158299343,1.4104275732121385, 1.4343564602836245,1.9052412549042232,0.0642028123207554,1.8888129203432598, 1.9233592407279412,0.0998387813568115,0.0191710945248164,100.0,0.0,0.0031418943405151,0.0015044986222991
1,Test_Data,Ridge,"(False, True, True, True)",2.0,0.0,-1.0,0.0,0.0,0.0,700.0,0.0,0.5149021750092999,0.0286216285842623,0.5079258345929083, 0.5216019090772923,0.7413012960190193,0.0534454549671078,0.7271485368712299, 0.755730088051937,0.0008695903573746,4.946329427773455e-05,0.0903034878333666,0.0040949508213031,3.650171795187626,0.8847364594470956,0.9798514510886988,0.0330953949413273,0.9697752208081272, 0.9863518557518776,1.251713653046152,0.0494133807381156,1.2424502582759314, 1.265851034432229,0.001654662306529,5.4733947736012464e-05,0.0849602603464319,0.00636397405065,4.69281934594388,0.66370231015311,0.7473768130489995,0.0241338933136334,0.7405019411976631, 0.7562843283329005,1.0291325065664745,0.0409042275744773,1.0183430617255758, 1.0391747684793144,0.1205609512329101,0.0231970157487212,100.0,0.0,0.0038550472259521,0.0017269400050218
2,Test_Data,Ridge,"(False, True, True, True)",3.0,0.0,-1.0,0.0,0.0,0.0,700.0,0.0,0.3551328825911873,0.0171400671426952,0.353290995774698, 0.357978200174387,0.5295379914211468,0.0349258292542244,0.5223859064753299, 0.5379507420238447,0.0005997659324716,2.984680345498668e-05,0.0632630783145575,0.0035760358768297,3.072717904229505,0.4279747111488592,0.3793470929248234,0.0133496767521612,0.37610772732687836, 0.38243965336780256,0.5056426995466885,0.0230843358565417,0.49932273838660546, 0.5121308745102396,0.0006405903391427,2.1857125222829045e-05,0.0300425894183295,0.0021045953932349,2.0272178473121927,0.1474986859669211,0.3672399877580053,0.0118660458270696,0.36505907110977187, 0.3708762797859534,0.5180561617036228,0.0230161513147928,0.5116079088964073, 0.5230638398716947,0.1716053199768066,0.0243194145276452,100.0,0.0,0.009369306564331,0.007726442866923
3,Test_Data,Ridge,"(False, True, True, True)",4.0,0.0,-1.0,0.0,0.0,0.0,700.0,0.0,0.2718928937085461,0.0123078247432396,0.2684140178600434, 0.2715664723722088,0.4269613720233118,0.0322742170801516,0.41853734804503023, 0.4353622479083616,0.0004591745970575,2.1277326896301183e-05,0.0475827257603346,0.002677521002557,3.005400640008397,0.6464984421967669,0.2688801454586438,0.0144671698332467,0.26465421213228124, 0.2729287266942862,0.3717199616131036,0.0244651403093932,0.3651195745715063, 0.37811740996910104,0.0004540775545124,2.464554904582054e-05,0.0210772723392842,0.001431757696412,1.8168129657210144,0.3118596162153064,0.270386519583595,0.0098402270624589,0.26946499033632926, 0.2725568739720531,0.4007243411093866,0.0216549089676335,0.3944395874321116, 0.40594802899941324,0.3117039775848388,0.0325826255547926,100.0,0.0,0.0196356678009033,0.0145608420111052
4,Test_Data,Ridge,"(False, True, True, True)",5.0,0.0,-1.0,0.0,0.0,0.0,700.0,0.0,0.2369707762469435,0.0124720933455692,0.23333469726141473, 0.239352646011346,0.3824146117622188,0.0325453512405619,0.37429295317218475, 0.39020624368462736,0.000400189399515,2.1267451212690016e-05,0.0411856383719089,0.0023095984691214,2.8106909207627755,0.6030865012837472,0.2218692954138916,0.0119693812709983,0.21825802250714035, 0.22426471412498408,0.327877937093147,0.0234622219153234,0.3217342184975478, 0.33427287291522445,0.0003746795432595,2.0271868206419053e-05,0.0167326468254697,0.0009821104760011,1.7974454515977516,0.2244116713928649,0.2294200358304175,0.0084701839434287,0.22880827113598295, 0.23134382477075252,0.3567249008230337,0.0204171973453919,0.3513299313018272, 0.3612059601474254,0.5398288488388061,0.0262479814660212,100.0,0.0,0.0676943635940551,0.0492393270834514
5,Test_Data,Ridge,"(False, True, True, True)",6.0,0.0,-1.0,0.0,0.0,0.0,700.0,0.0,0.235365043557874,0.0138867305384331,0.23254600702492356, 0.23783123337611461,0.3855724944517275,0.032338602461478,0.3758159298565584, 0.39568772842925953,0.0003974630458199,2.336925009344955e-05,0.041716985297519,0.0024392952401012,2.7355439504461394,0.5503272608915083,0.208729938837261,0.0107644332993847,0.20657536791014466, 0.21093652983201608,0.3126391924268359,0.0223631692298662,0.3053035162010662, 0.31734130337747585,0.0003524814479113,1.8086505132688894e-05,0.0150877987313099,0.0010036437660955,1.724392246340189,0.2334260461768313,0.2220474911975676,0.0088674308525735,0.22127290867495242, 0.22314273292701628,0.3515213134427209,0.0200754206281982,0.3471569305326931, 0.3555862833935082,1.0190495920181275,0.0530625505416344,100.0,0.0,0.1400760555267334,0.0344332151442215
6,Test_Data,Ridge,"(False, True, True, True)",7.0,0.0,-1.0,0.0,0.0,0.0,700.0,0.0,0.2450991290946572,0.0169088166703325,0.24166290363064008, 0.24991515739939343,0.4065852698891784,0.0383034736757063,0.39675968741479734, 0.4170148254897912,0.0004139016364809,2.8452415446981204e-05,0.0430954484077965,0.0030194503399461,2.769062511064935,0.6743293189229645,0.2019148374388863,0.0128272162308055,0.19969083837557045, 0.20450988359637698,0.2994896526907412,0.0229010794788049,0.294247645091902, 0.30420865212375786,0.0003409723675144,2.159166239669243e-05,0.0146434437038381,0.001010038252486,1.6770616712173152,0.2961316979358825,0.2235069832667718,0.0118700492074598,0.22205757567722348, 0.22585076727017284,0.3575914865390031,0.0248882655686477,0.35146798316240463, 0.36445845577984504,1.983010516166687,0.0960203828742986,100.0,0.0,0.1937278699874877,0.0369303254959029
7,Test_Data,Ridge,"(False, True, True, True)",8.0,0.0,-1.0,0.0,0.0,0.0,700.0,0.0,0.2570186256644441,0.0181030325088474,0.25213429522932873, 0.2621157149692602,0.4303816061537213,0.0477881238470976,0.4173177009309026, 0.4443698201725464,0.0004340427237884,3.068642586583272e-05,0.0450933669664083,0.0032242019314041,2.9649540893045567,1.0038588561698385,0.2251128623948723,0.0146195347094816,0.22221791125142154, 0.2288276834323026,0.3364552775960995,0.0283082367785028,0.333271454923018, 0.34023659623168123,0.0003801528930514,2.470995330192884e-05,0.0165136167819364,0.0012185693074306,1.9346709134528013,0.4294658711062128,0.2410657440296583,0.0127722406080012,0.237803971891196, 0.24323855682038492,0.3869593504617891,0.0317737758272866,0.37782248468319374, 0.3959960618490183,3.923780460357666,0.2759936997531752,100.0,0.0,0.324655966758728,0.0885288754186552
8,Test_Data,Ridge,"(False, True, True, True)",9.0,0.0,-1.0,0.0,0.0,0.0,700.0,0.0,0.2689601123555542,0.020254240662175228,0.26391451422106754,0.2744541157085772,0.4556054082033249,0.054694976962291246,0.43866658253839264,0.46682333406516396,0.0004542179802008167,3.440737325911018e-05,0.04710579033162798,0.0035733464953812263,3.1216373144697487,1.1090398235208612,0.24615871313375018,0.014634844874804587,0.24217558360279867,0.2485839610991309,0.3745145478442469,0.03270819937037421,0.36408416815690614,0.3826567649217862,0.00041567050786590833,2.4307902717136257e-05,0.018339981739665497,0.0013552440991489413,2.1778045506765533,0.5772585406324137,0.2575594127446522,0.013823706290369832,0.25334468866201243,0.25948410474089106,0.41779084441822156,0.037247069782410644,0.4089114112058867,0.42724765504230805,7.119317545890808,0.44653160912111906,100.0,0.0,0.5146389150619507,0.13248390523726952
9,Test_Data,Ridge,"(False, True, True, True)",10.0,0.0,-1.0,0.0,0.0,0.0,700.0,0.0,0.29032124832644085,0.024649743156555146,0.2833432183552325,0.29640885287629454,0.497976659656561,0.06715212194189625,0.4796440914900713,0.520329208355578,0.000490257546567917,4.135944561869361e-05,0.050795464947178195,0.004288027766277598,3.394122324710988,1.2625461043731678,0.2825565330741086,0.017999931977476215,0.2781659762453907,0.28743813338789925,0.44123232784061267,0.042150799238999434,0.43365917230828377,0.44746685927779495,0.00047712639050446944,2.9882012693012283e-05,0.020765781874677387,0.0015054295672615498,2.734154497162768,0.8474647547510673,0.28643889070027473,0.018113488078988153,0.2817460459609009,0.2912369441446858,0.47133555085372625,0.04798327253075525,0.46065848258820813,0.48293163823176044,12.066391859054566,0.3011566076074019,100.0,0.0,0.6835354089736938,0.11155660292015669
10,Test_Data,Ridge,"(False, True, True, True)",11.0,0.0,-1.0,0.0,0.0,0.0,700.0,0.0,0.3108684766113274,0.028863084748601137,0.3034329141228999,0.31712355802505154,0.5425440848499653,0.08190601631535654,0.5233518798577104,0.5683129168421025,0.0005249518585916009,4.843160295470809e-05,0.0541261956847863,0.004946007875408324,3.7155642709706984,1.4924159574849378,0.32118770672065367,0.023202023099260765,0.315093311326294,0.3275039665859271,0.5131294374087315,0.05390898302658948,0.5020141636484319,0.5262595568056004,0.0005423644733608746,3.8757102638326734e-05,0.023368905715798242,0.0017651173119795196,3.3250533253058485,0.9440941042688894,0.3160280916659906,0.022343430269656833,0.31056695299917686,0.32242008624215956,0.5291907680697389,0.059730021854409864,0.5134684796163702,0.5502289441920974,19.85574996471405,0.3333819501925249,100.0,0.0,1.1167845296859742,0.13422855701079314
11,Test_Data,Ridge,"(False, True, True, True)",12.0,0.0,-1.0,0.0,0.0,0.0,700.0,0.0,0.3317010360624013,0.03193973175409353,0.32448644038975827,0.33703002790677833,0.5908164827561292,0.09687101106061344,0.564299718818481,0.6182250218545975,0.000560132189309637,5.36376189812195e-05,0.05752176666851908,0.005217692018397814,4.267191892097552,1.7769410693944678,0.3612234837944282,0.027919415348695388,0.35225224630533897,0.367936870267257,0.5914209721918534,0.06661499389101175,0.5743685112278645,0.6126654084775555,0.0006099741992760308,4.6786211354285e-05,0.026010663926966614,0.002116648328656956,3.988925449128702,1.151496446595716,0.3464622599284148,0.02574597526205997,0.33931781935665617,0.3519865484768062,0.592702629639829,0.0706933138881907,0.5738803701069186,0.6133374974474931,29.96485369205475,0.34001243662245606,100.0,0.0,1.5867462491989135,0.048678392473270854
12,Test_Data,Lasso,"(False, True, True, True)",1.0,0.0,-1.0,0.0,0.0,0.0,700.0,0.0,0.8774037967911051,0.0359773922681868,0.8649787916446869, 0.88208420629777,1.1577551364762846,0.0580617098258135,1.1405370124223835, 1.1716312457641465,0.0014817836008388,6.284812673077581e-05,0.1581243823190669,0.0060852953765191,4.514685519861747,0.648579115409572,1.966201264767716,0.0756525428814432,1.9468448191740204, 1.9858857743647222,2.4322387109316304,0.0898317500946546,2.4068757682147255, 2.458242306665261,0.0033203688015534,0.0001273541269557,0.1451531902918183,0.008982300237295,7.326272188102383,0.6666060554867709,1.4218025307794109,0.0453393465298259,1.4130754244939037, 1.4339422762202974,1.905165709334557,0.0642119827435189,1.8917297167173786, 1.9212564877267089,0.0894219017028808,0.01330673423829,100.0,0.0,0.0028615856170654,0.0012434234794103
13,Test_Data,Lasso,"(False, True, True, True)",2.0,0.0,-1.0,0.0,0.0,0.0,700.0,0.0,0.5144485347331422,0.0284542657518258,0.5104348613606207, 0.5198817457817428,0.7397042026468345,0.0525428148250814,0.7277796283106963, 0.7496904024431966,0.0008688215210759,4.911377063015734e-05,0.0901714847807446,0.0039925542567035,3.5716759210771496,0.8466100236144155,0.9778262969854334,0.0332887333271036,0.9697673220074616, 0.9854635824323033,1.2482644553480744,0.0494176499401804,1.2367523690336766, 1.2588729039282904,0.0016512388116985,5.495516756736102e-05,0.0847340929307255,0.0063483381200231,4.666712995704073,0.6548682930930977,0.7461374158592878,0.024082683926936,0.7403705847052832, 0.7528034276919204,1.0264502327972236,0.0405642068831234,1.0150058715764712, 1.0383927995107842,0.1067655134201049,0.0099962500377709,100.0,0.0,0.0413419818878173,0.0091126347319611
14,Test_Data,Lasso,"(False, True, True, True)",3.0,0.0,-1.0,0.0,0.0,0.0,700.0,0.0,0.3507016085656818,0.0168480525616897,0.34561171652265676, 0.354395908259537,0.521678420239262,0.0327987131040245,0.5106202085621165, 0.5311461091298764,0.0005922823385409,2.934273955698249e-05,0.0617875464663141,0.0033706997748008,2.8382092377852848,0.3358629738242669,0.377453157000829,0.0130067644690376,0.37487974254896833, 0.380388415787754,0.5017096153045338,0.0227277196945421,0.4963549853891315, 0.5076123443087219,0.0006373880025619,2.1149222607900877e-05,0.02999600366558,0.0020755214222175,1.9663225469488492,0.1361106052515626,0.3640773827832552,0.0113749754363371,0.36153652696296024, 0.36655711772200156,0.5121186667887747,0.0213129405532212,0.5076671845490521, 0.5177854966063842,0.1619347858428955,0.0139085345050518,100.0,0.0,0.1653193187713623,0.0188249963406248
15,Test_Data,Lasso,"(False, True, True, True)",4.0,0.0,-1.0,0.0,0.0,0.0,700.0,0.0,0.2703969506354073,0.0131970915667437,0.26806883597127307, 0.27261035955917995,0.4200590626155942,0.0307642903375174,0.4124361120041442, 0.42770686939751357,0.0004566548647259,2.2877339650079087e-05,0.0463834709084306,0.0025933954499269,2.731066771540647,0.4945316253812654,0.2659683124067507,0.0123674211540704,0.26322999546483755, 0.2693608076315974,0.3611552808717753,0.020523282623202,0.3564858234839209, 0.3671576160968185,0.0004491444111648,2.0793609855629764e-05,0.0205625992845038,0.0012699824101587,1.5910309252405417,0.2146032709986408,0.2681826315210789,0.0091387272354659,0.26578983073639245, 0.2703686588373824,0.3920828464806939,0.0197578418178509,0.3862884899204918, 0.39609836023097766,0.2916884136199951,0.0229033813752025,100.0,0.0,0.3865954113006591,0.0340154843794579
16,Test_Data,Lasso,"(False, True, True, True)",5.0,0.0,-1.0,0.0,0.0,0.0,700.0,0.0,0.2313009597237628,0.0123051285209393,0.22786433989661817, 0.23339145063413086,0.3714160239189787,0.0327180455365011,0.36205285197980974, 0.38076189111570824,0.0003906192347376,2.106039928384066e-05,0.0393191751137047,0.0021662478426624,2.650238788923213,0.532327993082696,0.2212859584593445,0.0122591215097646,0.21898920512192513, 0.22473511209266733,0.3083607736153311,0.0205600359897815,0.3027359263705972, 0.31383423055329274,0.0003736871661587,2.0621128062619707e-05,0.0170458294026169,0.0010631523882982,1.438742392540089,0.1758392829717478,0.2262934590915536,0.0078951891930626,0.2243473827528651, 0.22797422362524872,0.3418143571112857,0.0205217896341216,0.3374052086799323, 0.3468309172431205,0.5700730800628662,0.0254887561370117,100.0,0.0,0.8212573575973511,0.0556872117652718
17,Test_Data,Lasso,"(False, True, True, True)",6.0,0.0,-1.0,0.0,0.0,0.0,700.0,0.0,0.2084999187181222,0.0132172893046162,0.20465513597463236, 0.21238407001403406,0.3397541641373846,0.0339264821344118,0.3316540836373662, 0.3477075067468021,0.0003521081004132,2.245446565648965e-05,0.0353519168514798,0.0023083392185516,2.448471817473123,0.5115323457756785,0.1973122501199869,0.0113989264916748,0.19534502506470822, 0.19691881172781422,0.2802370907587499,0.0190880691673562,0.276069268085789, 0.28431583562538265,0.0003332056369905,1.923791364523972e-05,0.0150042420541946,0.0010499822899685,1.3043003563388942,0.1742771936780178,0.2029060844190545,0.0078023330353452,0.20152579167017395, 0.20404223600213656,0.3119598304000012,0.0203652976434577,0.307647536706225, 0.31803916092074,1.0234967517852782,0.0419961567421898,100.0,0.0,3.2088466930389403,0.100129235338664
18,Test_Data,Lasso,"(False, True, True, True)",7.0,0.0,-1.0,0.0,0.0,0.0,700.0,0.0,0.1911731470078404,0.0127617677152344,0.18775921353340835, 0.19408934544647513,0.3164533836802298,0.0334617153350549,0.3073067543863971, 0.3257668222451437,0.0003228519044622,2.171968858118058e-05,0.0316834924840078,0.0018969328869154,2.26874063822592,0.4597989890206982,0.1714843878742508,0.009960984929256,0.16856709374664108, 0.1739874871150871,0.2505775722740275,0.0180468390707024,0.24525871311709158, 0.25560775725804563,0.0002895928494354,1.687127135467129e-05,0.0130135700017415,0.0009212244730646,1.2223075693191057,0.1698102924496264,0.1813287674410456,0.007702454419227,0.18027139498815334, 0.18256321631617187,0.2859673019309853,0.0201237944216607,0.28083249043281033, 0.2905129073594397,1.9002379894256591,0.0815886283497,100.0,0.0,7.537461476325989,0.1151717131996196
19,Test_Data,Lasso,"(False, True, True, True)",8.0,0.0,-1.0,0.0,0.0,0.0,700.0,0.0,0.1828806670444198,0.0133121732320047,0.18053295639085254, 0.18441032599878332,0.3024021046890517,0.0327829833428975,0.2949398313286198, 0.31044730843701185,0.000308847163778,2.262866485830963e-05,0.0302464940735006,0.0019211697059495,2.108346155938664,0.415737823057702,0.1644215425105829,0.0095009400088452,0.16177833903472977, 0.1661031086035874,0.2387730517456316,0.0174688098720611,0.23573717543511985, 0.2424283648132837,0.0002776689565729,1.615329389895829e-05,0.0124707671699069,0.0009035486121426,1.1625648228414014,0.1678286383979348,0.1736511047775013,0.0077091138737115,0.17190780262109662, 0.17430771137561044,0.2730076974848817,0.0195025251792482,0.27079655334781105, 0.2778331405138045,3.680139503479004,0.137550803836794,100.0,0.0,13.962890849113464,0.1734995967141601
20,Test_Data,Lasso,"(False, True, True, True)",9.0,0.0,-1.0,0.0,0.0,0.0,700.0,0.0,0.17515938300135064,0.01326563281544204,0.17415842692446634,0.17918291525596322,0.2907715369453772,0.031989257467003325,0.2828587550950055,0.29587492726069653,0.000295814307318307,2.2630377113707888e-05,0.02874739722900812,0.0019179119554925783,1.9815776619750607,0.38962135441130663,0.16104280494701215,0.009207440489787957,0.15868140541230466,0.16316732156748515,0.2310776964555485,0.01721888224165832,0.22651486607648977,0.23514909251627478,0.0002719719645221468,1.5811173238126225e-05,0.012365596291216401,0.0008875960850765542,1.1067056857697102,0.17836449809880248,0.1681010939741814,0.007725464591736959,0.16621343647049067,0.16868759089694876,0.26317911969868246,0.019058139497874743,0.26405233582443943,0.267532215077501,7.317915987968445,0.7562959889281453,100.0,0.0,25.045006351470946,1.070565542690558
21,Test_Data,Lasso,"(False, True, True, True)",10.0,0.0,-1.0,0.0,0.0,0.0,700.0,0.0,0.17133211532308246,0.013242851713260834,0.16798422366646082,0.1746661467255816,0.2849592995964333,0.03165441626997594,0.27759536130786844,0.29406984387845303,0.00028935516503714176,2.2632295348551767e-05,0.028045711623597133,0.0018350824387500437,1.9021795406277477,0.3793928440505546,0.15833289260159833,0.0091507284945292,0.1577932069299877,0.1604105375656838,0.2265315839533408,0.016783959099839475,0.2213008587047046,0.23032185294490173,0.00026739445848441857,1.5693698913731194e-05,0.012153635626506738,0.0008759400094778965,1.069974337567983,0.18089643602668787,0.16483250396234037,0.00781092921340421,0.16288663945390844,0.1667338375993147,0.2579615027982727,0.018737123312052177,0.2571276409533875,0.26017399556145065,12.932134232521058,0.6880532253093846,100.0,0.0,42.32420379638672,1.062640879536905
22,Test_Data,Lasso,"(False, True, True, True)",11.0,0.0,-1.0,0.0,0.0,0.0,700.0,0.0,0.1679931127805811,0.013357883879046569,0.16430613813812917,0.1714876292353848,0.27905171015446145,0.03173629347660416,0.271515816283006,0.28595942667269064,0.0002837170515260644,2.282360084132844e-05,0.027449041912242324,0.0018519048452867069,1.8511850873343698,0.38920692568010223,0.15585020579552514,0.009137074036988713,0.15411277895366773,0.1573162366035657,0.2227940745437651,0.016898741147635378,0.21869109829337294,0.227222194614193,0.00026319868796343126,1.5606674760178575e-05,0.011995971231369685,0.0008811542628007043,1.0528930318648941,0.1875830360196215,0.16192165928805313,0.007984782812840764,0.16084945282905466,0.16347470940797715,0.2530523366325325,0.018938555615638345,0.24928187177768166,0.25622560375965486,19.83704988002777,0.2872669297906045,100.0,0.0,68.2383187866211,0.6901043200995765
23,Test_Data,Lasso,"(False, True, True, True)",12.0,0.0,-1.0,0.0,0.0,0.0,700.0,0.0,0.1646991057550444,0.013325779787529957,0.16145185990628905,0.16823487571312387,0.2731194106152823,0.03187965116079595,0.2644247138852378,0.2812966337954349,0.0002781543101467996,2.276796271426659e-05,0.027012060713249738,0.001849301034229768,1.8177058937470596,0.4016885732573314,0.15472215992306249,0.009231896826494269,0.15253874572889,0.1538269443532474,0.22081814796235438,0.017253606532578472,0.21710402724360864,0.22525043043372825,0.0002612895679353641,1.5696812076092552e-05,0.01196619038734665,0.0008863997308173504,1.048181670856577,0.19875127265787704,0.15971063283905346,0.00790560745635801,0.15946553511878706,0.16057552834426533,0.24892848162019163,0.01905695164125568,0.24587379843420634,0.24995144373534056,30.36943045139313,0.5208331658716879,100.0,0.0,107.92394289970397,0.6882004348680857
24,Test_Data,PR,"(False, True, True, True)",1.0,0.0,-1.0,0.0,0.0,0.0,700.0,0.0,1.0197374835010913,0.037529982560410784,1.0098726165047023,1.032031508640347,1.323676187513165,0.05560760109024503,1.3087763977705233,1.3411287558301652,0.00172219152548092,6.689718827377018e-05,0.19444419780049027,0.008631432859616608,5.055616234331089,0.4783514361046836,4.409267343976007,0.1640322729033367,4.364418075010986,4.454688327471498,5.405304570593846,0.18842804885872547,5.351095599754356,5.456243865712429,0.007446144954673034,0.0002791581503480626,0.33257081478644435,0.019519442975485645,14.700241177268088,1.4265139647880156,2.7145024137385487,0.0883352449608864,2.6924277950593947,2.7374801086268454,3.935318662038546,0.131311273145941,3.8960836719015703,3.9674154045417005,0.09637810230255127,0.016121479405404086,100.0,0.0,0.005522351264953613,0.006350639273792312
25,Test_Data,PR,"(False, True, True, True)",2.0,0.0,-1.0,0.0,0.0,0.0,700.0,0.0,0.5150454258918175,0.028686605665794614,0.5071949086130156,0.5241001427692468,0.741655548205729,0.05379809463522991,0.728974476503468,0.7572308074863462,0.000869830535112388,4.954334760990648e-05,0.09043928271328708,0.0041139868385142615,3.6738746009821903,0.8926430468686245,0.9798585342048769,0.03306430105821891,0.9735049664408677,0.987136309887386,1.2521175200177401,0.04949201877849247,1.2411876295502415,1.2615724757552857,0.0016546744540032801,5.468598191938245e-05,0.08499192375447824,0.006371523187557122,4.710937447206217,0.6683919929633607,0.7474519800483472,0.02417917289970544,0.741639545803242,0.7542062583697065,1.0295089441721488,0.041099213395450425,1.0195605597608381,1.0387539244912487,0.11467337131500244,0.018881273203710136,100.0,0.0,0.014263434410095215,0.023314261676477068
26,Test_Data,PR,"(False, True, True, True)",3.0,0.0,-1.0,0.0,0.0,0.0,700.0,0.0,0.35803116218457026,0.016801801762300755,0.3572571997972528,0.35997698886646845,0.5346931277930017,0.03612915608023749,0.5247743154790196,0.5436309220621327,0.0006046589206346705,2.9261764506682034e-05,0.06412723132076706,0.0035725659506629054,3.162015852163539,0.45301332599493954,0.3810390169749502,0.014017696099126292,0.37852917433978134,0.3824383615179752,0.5102836447318222,0.024383568239031567,0.5034825869256401,0.5147989439963685,0.000643446605419411,2.298890170538366e-05,0.03017665326836815,0.0021528282392684777,2.096597971060329,0.13564166313876108,0.3695350895797602,0.011828848513892024,0.3660345426685544,0.3724211053382651,0.5229853313393399,0.023912064993028555,0.5170732854419938,0.530158147344373,0.1539161443710327,0.014436537110587037,100.0,0.0,0.0543181848526001,0.03788518772866871
27,Test_Data,PR,"(False, True, True, True)",4.0,0.0,-1.0,0.0,0.0,0.0,700.0,0.0,0.28427104632059735,0.013816867054280191,0.28097301590638085,0.28483827999380773,0.428737489981183,0.028317393647408897,0.4223374702703101,0.4342850844503441,0.00048008210205985433,2.3863601213055152e-05,0.05231838738679426,0.0035432616332170294,2.836885299682617,0.5668791601333956,0.2807742931282586,0.013804279758516483,0.27974743526229445,0.2812810354545468,0.38730664508215495,0.023182796827957486,0.37917395093957057,0.3943719163930567,0.00047417219683517134,2.373147393895096e-05,0.021732926881674334,0.0012620458982210403,1.9099570178985597,0.35288173206455553,0.2825226697244279,0.010843018992291809,0.2797687959097774,0.2859747623954314,0.40884301888217506,0.020573102331360914,0.4050582864839031,0.41464945297845573,0.2908065032958984,0.02648978029650679,100.0,0.0,0.09534404277801514,0.03298983386819053
28,Test_Data,PR,"(False, True, True, True)",5.0,0.0,-1.0,0.0,0.0,0.0,700.0,0.0,0.3082970265873143,0.020984378752058403,0.3018218360002575,0.31392278412977853,0.46536969239081116,0.04043777085538742,0.4521755633586972,0.4762042599839785,0.0005206800220464865,3.621910458284832e-05,0.05841944559019163,0.004430510772940972,2.745726156234741,0.5814368976942891,0.2840073411451663,0.015389475303612872,0.2815877201557159,0.28836995927101927,0.4096978770733938,0.030721743468705962,0.40474882905433557,0.4094841562148253,0.00047960189641551876,2.584043606900944e-05,0.02173413953516095,0.0015983485522018744,2.254081473350525,0.3683830497530887,0.2961521838662403,0.01366958292749671,0.29495934712398253,0.29589127262140236,0.43893508460047914,0.028756029933258955,0.42995755953572806,0.4454736322501282,0.5350213813781738,0.022161990265038223,100.0,0.0,0.3155594062805176,0.08943298358958471
29,Test_Data,PR,"(False, True, True, True)",6.0,0.0,-1.0,0.0,0.0,0.0,700.0,0.0,1.0396780125239742,0.12227453770120696,1.0076359242034147,1.0725259412674037,1.728542341802507,0.28744478339128615,1.647154060202735,1.8031447464542507,0.0017559316068159966,0.0002081005428548552,0.21246944989219274,0.02689555816463951,11.745619450995404,5.182200967851163,1.4252396089192354,0.19438298361092513,1.3756330587711407,1.4765144791325069,2.420187292290792,0.4092440718507641,2.31158687019714,2.5361873208765062,0.0024072239875894026,0.00033108176577552394,0.11282650977515879,0.021295473108182094,17.715366572759635,6.052141566606587,1.2324588107216048,0.12551841346159426,1.1970495334780353,1.269081746230025,2.113518237433033,0.28243618279797533,2.0343157462680934,2.1857769127774334,1.0441714859008788,0.07305048989109544,100.0,0.0,1.2416543102264403,0.2240615880007668
30,Test_Data,PR,"(False, True, True, True)",7.0,0.0,-1.0,0.0,0.0,0.0,700.0,0.0,0.7832699761464434,0.07890995144250068,0.763365180259162,0.8060682957219174,1.3940726012634805,0.23726442675757317,1.33294573529904,1.4623748961215524,0.001322664654859408,0.00013276003228752096,0.15289933084706858,0.017204437659713367,10.888202561503398,4.14979371401167,1.170535139407324,0.11378050193400037,1.138484981244536,1.2030404278209463,2.065102390821394,0.3680327696982379,1.968028217449607,2.1580439100850004,0.001976921969718659,0.00019450045740984675,0.09040147203924237,0.01140244781962403,16.581700851058443,8.447178219535946,0.976902557776884,0.08251968390265013,0.9548894224664877,0.9995446826186158,1.7694762983751442,0.2613751295569512,1.7044654624158642,1.8450893912880189,1.9647376775741576,0.08141122036079602,100.0,0.0,1.556305069923401,0.1896582589536241
31,Test_Data,PR,"(False, True, True, True)",8.0,0.0,-1.0,0.0,0.0,0.0,700.0,0.0,0.5892360647020611,0.06807663685227824,0.5711516641376809,0.6067994945112976,0.9968033482268654,0.16929906906962305,0.955542625307267,1.0568461161201534,0.0009951787563278846,0.00011626245066895686,0.11291264281776175,0.014603584834795742,6.661863409044984,2.4412754965332697,0.8206774937173751,0.07675662627726525,0.7996806896447979,0.8394524556951689,1.4372774065770375,0.19721382581173577,1.3811097159802095,1.492484768853515,0.0013860052594297694,0.0001311869028783395,0.06273706171693658,0.007055274618980452,11.17923632894296,4.050309048129414,0.704956779209718,0.06532298035855008,0.6888175317932435,0.7188126058113703,1.2398536449510775,0.1614878134305875,1.195884606224222,1.2865270603463483,3.8417706298828125,0.18665605610729488,100.0,0.0,3.0053204870224,1.8634437730088256
32,Test_Data,PR,"(False, True, True, True)",9.0,0.0,-1.0,0.0,0.0,0.0,700.0,0.0,0.5234458945964497,0.05674526778691019,0.5117146222277967,0.5386447158259748,0.8957069055103908,0.12836874610107502,0.8601422983238056,0.930240127720777,0.0008840208653247884,9.655789895717552e-05,0.09762697377535214,0.011103721734919378,6.049291538560201,1.749079944882062,0.6410337640272814,0.06112742827642247,0.6280096836973421,0.6561556648756868,1.1066535384727685,0.16210502494605838,1.06269260505263,1.1493276492510838,0.0010826332963297942,0.00010450243659830983,0.048030547045906154,0.004854152426197017,8.548762630077995,2.9009133377537704,0.5822398293118656,0.05228588459027412,0.5683552967666651,0.5994468994107754,1.0098363087443838,0.12234030924753042,0.9796048851251695,1.0457859731688433,7.755377521514893,0.3980278455543093,100.0,0.0,4.583482856750488,1.6351488751711563
33,Test_Data,PR,"(False, True, True, True)",10.0,0.0,-1.0,0.0,0.0,0.0,700.0,0.0,0.49511089947727166,0.0565607582703416,0.48103980957514914,0.5081082802202087,0.8616464228308617,0.1367753364785982,0.8272022070233164,0.8997022300512966,0.0008361365883251919,9.584448665309591e-05,0.09122495909882361,0.010700736224725534,6.203172918860916,2.2325148286674286,0.5847837853396846,0.05814289121722405,0.5695485435021401,0.5970833640259106,0.9873907044437398,0.14772101745225835,0.9484131526837785,1.0264048129396999,0.0009875865441810949,9.874799073165341e-05,0.04245215456478763,0.004220824339113603,6.858609799531178,2.741475602426648,0.5399473424084781,0.04962714345554874,0.5296122493788774,0.5529116228721894,0.9304558156186031,0.11427973956438035,0.8990086636513911,0.9609824303071861,12.815030779838562,0.3323817990630344,100.0,0.0,6.2693199634552,0.8074812108146382
34,Test_Data,PR,"(False, True, True, True)",11.0,0.0,-1.0,0.0,0.0,0.0,700.0,0.0,0.4734875530482609,0.05595167874398697,0.4578175976545067,0.4890347501741899,0.8450483407917412,0.15193698568920075,0.799025249956558,0.8858097638472723,0.0007996089288669768,9.467993825957418e-05,0.08582325836184931,0.009940733733681525,6.38691733079972,2.7010534936668957,0.5419306583115159,0.0542368327282735,0.5283581369352606,0.5560752008387019,0.9088461059078492,0.1326235646386944,0.8761016555399278,0.9422803281527488,0.0009151758586291693,9.169319289267685e-05,0.03886723499481882,0.003777401514110417,6.0383830172344855,2.0892310564070296,0.5077091056798885,0.04735962867836383,0.4938365270358664,0.5202685237342262,0.8817749648008386,0.11274439613915474,0.8484334067187468,0.913700582947839,20.170140027999878,1.3334472473561112,100.0,0.0,9.267834258079528,0.9988948319204869
35,Test_Data,PR,"(False, True, True, True)",12.0,0.0,-1.0,0.0,0.0,0.0,700.0,0.0,0.4621333459503255,0.055748906977905965,0.4462503444729827,0.4772864097369908,0.8437478904906841,0.16828075897588765,0.793196068908443,0.8882524834245116,0.0007804150667122326,9.412158299794131e-05,0.08240754545473275,0.009455619770654263,6.650008705426391,3.2096175572361454,0.5224668788551036,0.05059971774649321,0.5098358109757974,0.5350890562221816,0.8845693370780547,0.12653419131422047,0.8475686162026751,0.9188111382911526,0.0008822998970022731,8.550693446756355e-05,0.03711487660881305,0.0035229901962295176,5.928313602068232,2.010318544766168,0.4923001124027144,0.04577409022169582,0.48164813825473446,0.5047116138834429,0.868943824750409,0.11885809316076358,0.8389392166171908,0.8997753575968338,30.676603970527648,0.3562861859157083,100.0,0.0,14.561764850616456,2.0259147580695798