,Case,BL_Speed,RD_Speed,rad,BL_Hdg,RD_Hdg,BL_Alt,RD_Alt,maxRange,minErrorTry,RMax,RNez
0,0,742,466,-6,0,67,9775,8311,8.96484375,9.140625,18.984375,8.96484375
1,1,555,686,44,0,71,4850,6002,3.1640625,3.33984375,5.44921875,3.1640625
2,2,532,467,6,0,70,5674,4461,3.8671875,4.04296875,10.8984375,3.8671875
3,3,577,634,-55,0,35,2576,3522,-1.0,0.703125,8.4375,-1.0
4,4,631,645,-7,0,-35,11362,10912,6.328125,6.50390625,10.8984375,6.328125
5,5,683,539,27,0,-25,11147,11108,9.31640625,9.4921875,13.88671875,9.31640625
6,6,518,683,38,0,-58,7507,8495,4.04296875,4.21875,15.29296875,4.04296875
7,7,642,472,14,0,-178,4164,3188,5.80078125,5.9765625,26.71875,5.80078125
8,8,549,605,8,0,7,12953,12412,7.91015625,8.0859375,9.84375,7.91015625
9,9,610,731,-3,0,43,8004,6746,-1.0,0.703125,7.3828125,-1.0
10,10,750,616,48,0,76,2866,2260,3.33984375,3.515625,5.44921875,3.33984375
11,11,661,572,-56,0,-164,8440,8149,6.328125,6.50390625,22.5,6.328125
12,12,486,723,58,0,-139,2756,2806,4.04296875,4.21875,24.78515625,4.04296875
13,13,740,641,56,0,127,2756,1694,3.33984375,3.515625,8.26171875,3.33984375
14,14,499,676,-39,0,-83,6016,6266,2.98828125,3.1640625,7.20703125,2.98828125
15,15,662,678,-29,0,168,4804,3867,5.80078125,5.9765625,30.5859375,5.80078125
16,16,717,541,50,0,-119,4678,5020,4.39453125,4.5703125,25.48828125,4.39453125
17,17,604,534,24,0,152,3159,2356,4.39453125,4.5703125,21.4453125,4.39453125
18,18,695,627,-19,0,42,3968,2464,-1.0,0.703125,6.85546875,-1.0
19,19,728,472,-18,0,-17,4279,3082,4.04296875,4.21875,6.328125,4.04296875
20,20,584,679,-9,0,118,2896,2971,3.8671875,4.04296875,22.67578125,3.8671875
21,21,703,573,34,0,88,4755,5361,4.39453125,4.5703125,9.66796875,4.39453125
22,22,697,705,-52,0,-95,8322,9559,5.9765625,6.15234375,11.953125,5.9765625
23,23,686,655,-43,0,35,9172,10043,6.328125,6.50390625,13.359375,6.328125
24,24,628,725,-11,0,70,11801,10956,6.50390625,6.6796875,20.0390625,6.50390625
25,25,674,724,-52,0,-155,6032,4887,4.5703125,4.74609375,18.80859375,4.5703125
26,26,527,505,17,0,52,13403,13865,11.42578125,11.6015625,15.46875,11.42578125
27,27,521,684,50,0,43,12995,13523,8.26171875,8.4375,8.7890625,8.26171875
28,28,678,625,32,0,-48,13226,14560,11.25,11.42578125,19.51171875,11.25
29,29,684,666,-18,0,152,8818,9437,8.0859375,8.26171875,35.33203125,8.0859375
30,30,528,571,-19,0,136,843,2133,3.33984375,3.515625,23.73046875,3.33984375
31,31,550,744,46,0,141,8151,6729,4.21875,4.39453125,19.16015625,4.21875
32,32,509,601,-5,0,-54,12071,11732,6.85546875,7.03125,14.0625,6.85546875
33,33,495,473,16,0,101,12867,11775,10.8984375,11.07421875,22.32421875,10.8984375
34,34,596,533,25,0,64,2618,2572,2.8125,2.98828125,5.80078125,2.8125
35,35,655,548,-16,0,-87,1610,2508,3.1640625,3.33984375,8.4375,3.1640625
36,36,549,668,-34,0,-131,11516,11255,7.03125,7.20703125,24.78515625,7.03125
37,37,687,717,32,0,36,7637,8833,-1.0,0.703125,5.9765625,-1.0
38,38,734,556,-26,0,125,6273,5223,5.9765625,6.15234375,29.00390625,5.9765625
39,39,453,557,-6,0,132,6996,7036,5.09765625,5.2734375,25.83984375,5.09765625
40,40,552,485,38,0,36,13364,12204,11.07421875,11.25,12.65625,11.07421875
41,41,478,628,-28,0,4,7789,8002,3.33984375,3.515625,4.39453125,3.33984375
42,42,549,594,-1,0,175,5120,5670,5.80078125,5.9765625,29.53125,5.80078125
43,43,705,709,56,0,-46,6932,7216,4.5703125,4.74609375,15.1171875,4.5703125
44,44,624,628,32,0,-39,8210,8515,4.921875,5.09765625,11.953125,4.921875
45,45,694,695,-50,0,173,9148,10572,7.734375,7.91015625,30.234375,7.734375
46,46,637,657,56,0,-94,10182,10360,6.328125,6.50390625,27.0703125,6.328125
47,47,738,483,16,0,-24,571,1470,2.8125,2.98828125,5.2734375,2.8125
48,48,617,614,-51,0,23,10303,10310,6.85546875,7.03125,11.77734375,6.85546875
49,49,594,545,-30,0,-94,5345,4211,3.8671875,4.04296875,10.1953125,3.8671875
50,50,734,477,-32,0,111,12508,11286,13.7109375,13.88671875,31.46484375,13.7109375
51,51,665,548,12,0,112,7501,8407,6.85546875,7.03125,23.203125,6.85546875
52,52,458,650,-35,0,-7,9712,8969,4.04296875,4.21875,4.74609375,4.04296875
53,53,717,738,37,0,-13,1084,2253,-1.0,0.703125,-1.0,-1.0
54,54,746,475,-56,0,109,6299,6401,5.625,5.80078125,24.43359375,5.625
55,55,616,537,38,0,-100,2227,3185,3.33984375,3.515625,20.91796875,3.33984375
56,56,626,534,-57,0,94,8678,8584,5.9765625,6.15234375,24.2578125,5.9765625
57,57,495,653,-4,0,115,6000,4720,4.04296875,4.21875,23.02734375,4.04296875
58,58,524,677,30,0,61,10295,10620,5.09765625,5.2734375,10.01953125,5.09765625
59,59,676,539,-15,0,36,5929,6693,4.5703125,4.74609375,9.140625,4.5703125
60,60,712,684,-11,0,-81,1893,2142,2.98828125,3.1640625,7.734375,2.98828125
61,61,528,471,59,0,-85,10790,11862,7.03125,7.20703125,21.796875,7.03125
62,62,547,741,-6,0,4,9464,9480,2.8125,2.98828125,4.04296875,2.8125
63,63,475,476,-39,0,-21,3962,2640,-1.0,0.703125,-1.0,-1.0
64,64,746,540,-48,0,145,9553,9505,11.953125,12.12890625,30.5859375,11.953125
65,65,545,604,48,0,-159,6788,7713,5.625,5.80078125,26.89453125,5.625
66,66,669,489,-16,0,-81,8359,7501,6.85546875,7.03125,15.8203125,6.85546875
67,67,536,657,43,0,59,13039,12859,8.26171875,8.4375,11.25,8.26171875
68,68,469,538,46,0,-90,9829,11197,6.6796875,6.85546875,22.67578125,6.6796875
69,69,665,528,5,0,148,11721,11802,14.4140625,14.58984375,33.57421875,14.4140625
70,70,498,653,44,0,-120,4155,3068,2.98828125,3.1640625,26.54296875,2.98828125
71,71,666,609,32,0,-32,9046,10182,6.328125,6.50390625,12.12890625,6.328125
72,72,500,626,46,0,87,10457,10879,5.9765625,6.15234375,12.12890625,5.9765625
73,73,575,722,-23,0,-174,11201,10324,7.91015625,8.0859375,35.5078125,7.91015625
74,74,647,567,-48,0,81,10740,11158,8.4375,8.61328125,24.609375,8.4375
75,75,501,745,55,0,24,9852,9220,4.5703125,4.74609375,4.5703125,4.5703125
76,76,597,631,-52,0,-84,10501,11263,7.3828125,7.55859375,12.12890625,7.3828125
77,77,721,463,-51,0,24,13595,12199,12.83203125,13.0078125,17.578125,12.83203125
78,78,458,670,-17,0,-89,12215,10885,5.44921875,5.625,18.10546875,5.44921875
79,79,633,616,20,0,63,13202,12378,9.66796875,9.84375,16.5234375,9.66796875
80,80,459,555,-44,0,-32,3606,3093,-1.0,0.703125,3.33984375,-1.0
81,81,576,647,18,0,99,9881,10796,6.50390625,6.6796875,19.6875,6.50390625
82,82,513,464,47,0,-152,11538,10742,11.6015625,11.77734375,27.59765625,11.6015625
83,83,513,647,-52,0,-173,11151,11404,7.03125,7.20703125,26.19140625,7.03125
84,84,543,665,55,0,-156,9342,8512,5.80078125,5.9765625,28.828125,5.80078125
85,85,477,642,14,0,55,7763,7614,3.1640625,3.33984375,7.55859375,3.1640625
86,86,545,467,-9,0,141,7837,8315,7.3828125,7.55859375,27.59765625,7.3828125
87,87,636,486,-43,0,-45,4452,3649,3.8671875,4.04296875,5.9765625,3.8671875
88,88,496,685,-59,0,-102,4859,3656,-1.0,0.703125,5.44921875,-1.0
89,89,718,607,-42,0,-127,9103,8072,6.85546875,7.03125,20.21484375,6.85546875
90,90,597,621,43,0,-179,9737,9276,7.03125,7.20703125,29.70703125,7.03125
91,91,714,668,52,0,80,2695,4091,3.33984375,3.515625,5.44921875,3.33984375
92,92,480,478,17,0,-150,10893,10233,9.140625,9.31640625,30.234375,9.140625
93,93,724,457,-33,0,-105,5314,6621,6.15234375,6.328125,14.4140625,6.15234375
94,94,664,527,49,0,-167,6433,7023,6.6796875,6.85546875,26.015625,6.6796875
95,95,509,694,-22,0,57,7901,7096,3.515625,3.69140625,12.65625,3.515625
96,96,522,464,-9,0,131,2827,3152,4.04296875,4.21875,21.62109375,4.04296875
97,97,541,623,4,0,162,7993,7102,6.328125,6.50390625,31.81640625,6.328125
98,98,472,700,15,0,19,3031,3430,-1.0,0.703125,1.93359375,-1.0
99,99,590,558,3,0,86,6094,7247,4.74609375,4.921875,15.29296875,4.74609375
100,100,738,734,-12,0,-104,10816,10588,7.734375,7.91015625,27.0703125,7.734375
101,101,612,516,-53,0,54,1177,2412,2.8125,2.98828125,13.0078125,2.8125
102,102,621,720,6,0,-156,6531,7505,6.328125,6.50390625,33.57421875,6.328125
103,103,672,563,24,0,64,9579,10766,7.55859375,7.734375,13.53515625,7.55859375
104,104,496,502,-52,0,7,13547,13890,10.1953125,10.37109375,11.953125,10.1953125
105,105,669,609,-38,0,-116,12816,13873,12.12890625,12.3046875,23.90625,12.12890625
106,106,654,728,29,0,96,3458,4722,3.33984375,3.515625,8.7890625,3.33984375
107,107,573,529,47,0,15,3878,4465,3.33984375,3.515625,4.5703125,3.33984375
108,108,700,647,40,0,-83,1416,2084,2.98828125,3.1640625,18.6328125,2.98828125
109,109,529,725,-44,0,-144,11065,11163,5.9765625,6.15234375,24.609375,5.9765625
110,110,541,537,-14,0,16,10656,9983,6.328125,6.50390625,9.84375,6.328125
111,111,576,620,-22,0,121,4548,3658,4.21875,4.39453125,25.83984375,4.21875
112,112,480,698,-7,0,2,5902,4398,-1.0,0.703125,-1.0,-1.0
113,113,616,600,4,0,177,9944,8616,8.4375,8.61328125,35.15625,8.4375
114,114,658,595,-2,0,-93,2196,2384,3.33984375,3.515625,13.18359375,3.33984375
115,115,669,497,-45,0,56,2951,1727,3.33984375,3.515625,13.88671875,3.33984375
116,116,643,722,-50,0,-177,8827,10270,6.6796875,6.85546875,28.65234375,6.6796875
117,117,731,583,13,0,67,1696,1898,2.98828125,3.1640625,6.50390625,2.98828125
118,118,509,658,48,0,64,13660,13040,8.4375,8.61328125,11.25,8.4375
119,119,651,461,-4,0,54,10673,11476,10.546875,10.72265625,17.05078125,10.546875
120,120,702,664,-22,0,107,11066,10177,8.4375,8.61328125,31.640625,8.4375
121,121,680,535,-31,0,61,8488,9308,6.85546875,7.03125,18.10546875,6.85546875
122,122,689,656,-22,0,102,7646,8571,6.15234375,6.328125,26.89453125,6.15234375
123,123,461,706,9,0,8,10640,12003,-1.0,0.703125,-1.0,-1.0
124,124,687,605,-37,0,-60,3958,3964,3.515625,3.69140625,5.625,3.515625
125,125,532,721,39,0,-167,9177,9966,6.6796875,6.85546875,31.81640625,6.6796875
126,126,466,479,-39,0,35,12782,12517,9.66796875,9.84375,14.94140625,9.66796875
127,127,534,550,-57,0,-94,7954,7716,5.09765625,5.2734375,9.66796875,5.09765625
128,128,632,582,-58,0,-101,4495,3142,3.33984375,3.515625,6.6796875,3.33984375
129,129,522,572,-46,0,83,11995,12409,8.26171875,8.4375,24.08203125,8.26171875
130,130,601,629,-20,0,102,7290,8624,5.625,5.80078125,24.9609375,5.625
131,131,618,600,-6,0,-152,2063,2514,4.39453125,4.5703125,24.78515625,4.39453125
132,132,634,698,32,0,43,8020,7958,4.21875,4.39453125,6.328125,4.21875
133,133,485,530,14,0,-83,9301,9094,5.80078125,5.9765625,20.0390625,5.80078125
134,134,597,551,-60,0,119,7343,8786,4.5703125,4.74609375,24.78515625,4.5703125
135,135,471,537,-40,0,67,6208,6296,4.04296875,4.21875,16.171875,4.04296875
136,136,511,649,-29,0,-77,9716,8509,4.39453125,4.5703125,11.42578125,4.39453125
137,137,701,477,10,0,-49,8307,7122,6.6796875,6.85546875,14.0625,6.6796875
138,138,494,575,50,0,151,3162,2333,2.98828125,3.1640625,12.83203125,2.98828125
139,139,680,657,54,0,106,3429,4715,3.515625,3.69140625,7.55859375,3.515625
140,140,666,567,-5,0,31,3417,2840,2.8125,2.98828125,5.09765625,2.8125
141,141,634,696,47,0,-114,12671,11959,8.4375,8.61328125,32.51953125,8.4375
142,142,742,476,33,0,170,8871,10220,12.83203125,13.0078125,29.35546875,12.83203125
143,143,545,546,-50,0,21,10762,12037,8.0859375,8.26171875,11.6015625,8.0859375
144,144,726,451,17,0,77,4031,5335,5.09765625,5.2734375,11.25,5.09765625
145,145,740,617,-20,0,71,9845,10885,8.0859375,8.26171875,21.26953125,8.0859375
146,146,539,690,-29,0,12,6852,7225,2.98828125,3.1640625,4.21875,2.98828125
147,147,710,504,-7,0,128,8771,10225,10.8984375,11.07421875,29.70703125,10.8984375
148,148,497,576,-53,0,-125,12171,10914,7.20703125,7.3828125,18.45703125,7.20703125
149,149,588,576,-25,0,178,5885,5533,5.9765625,6.15234375,28.65234375,5.9765625
150,150,723,638,44,0,-111,6049,6846,4.921875,5.09765625,27.94921875,4.921875
151,151,515,486,58,0,-173,12661,12981,12.48046875,12.65625,24.43359375,12.48046875
152,152,519,658,-30,0,63,7864,6611,3.8671875,4.04296875,15.64453125,3.8671875
153,153,537,490,-17,0,152,11061,10639,11.25,11.42578125,31.640625,11.25
154,154,529,479,-4,0,179,12365,12969,15.46875,15.64453125,32.34375,15.46875
155,155,471,477,-56,0,44,8994,9151,5.9765625,6.15234375,14.4140625,5.9765625
156,156,731,724,-21,0,128,9758,11024,8.4375,8.61328125,35.33203125,8.4375
157,157,634,599,15,0,-111,7913,9355,6.50390625,6.6796875,26.89453125,6.50390625
158,158,620,632,-52,0,-47,11858,11533,8.4375,8.61328125,9.66796875,8.4375
159,159,628,736,-47,0,-51,10572,10590,6.15234375,6.328125,8.26171875,6.15234375
160,160,610,687,-6,0,27,3034,2634,1.58203125,1.7578125,3.33984375,1.58203125
161,161,509,526,58,0,104,10420,9588,6.6796875,6.85546875,13.0078125,6.6796875
162,162,451,677,37,0,4,7351,6921,2.8125,2.98828125,3.1640625,2.8125
163,163,531,610,55,0,-84,11468,12562,7.55859375,7.734375,23.90625,7.55859375
164,164,515,475,-54,0,119,3073,3866,3.1640625,3.33984375,21.4453125,3.1640625
165,165,724,731,-41,0,-150,9722,9407,7.03125,7.20703125,28.65234375,7.03125
166,166,630,686,37,0,6,5347,4871,2.98828125,3.1640625,3.33984375,2.98828125
167,167,486,551,23,0,1,1451,2576,-1.0,0.703125,-1.0,-1.0
168,168,486,738,-29,0,46,13125,13818,6.85546875,7.03125,15.29296875,6.85546875
169,169,571,743,19,0,-44,9392,10620,4.04296875,4.21875,11.25,4.04296875
170,170,598,475,48,0,77,7353,8521,6.15234375,6.328125,10.37109375,6.15234375
171,171,623,689,16,0,176,1219,1226,4.5703125,4.74609375,27.59765625,4.5703125
172,172,621,694,2,0,-36,9096,9569,4.04296875,4.21875,8.4375,4.04296875
173,173,450,641,-28,0,118,9837,10965,6.328125,6.50390625,28.30078125,6.328125
174,174,690,543,44,0,-63,6652,6915,5.44921875,5.625,17.9296875,5.44921875
175,175,614,590,-47,0,-6,2159,1007,-1.0,0.703125,-1.0,-1.0
176,176,504,581,-5,0,-60,3213,3923,2.28515625,2.4609375,6.15234375,2.28515625
177,177,539,452,4,0,103,5011,6110,4.921875,5.09765625,17.75390625,4.921875
178,178,532,625,13,0,-82,10002,11429,6.50390625,6.6796875,21.26953125,6.50390625
179,179,512,535,-20,0,-176,5898,6319,5.625,5.80078125,27.0703125,5.625
180,180,546,679,-53,0,124,13039,13477,8.4375,8.61328125,30.234375,8.4375
181,181,740,518,-58,0,105,5132,5692,4.5703125,4.74609375,23.90625,4.5703125
182,182,541,716,15,0,-127,2771,3285,3.69140625,3.8671875,25.48828125,3.69140625
183,183,609,745,-22,0,-156,6702,5862,5.44921875,5.625,30.234375,5.44921875
184,184,671,658,17,0,111,10667,11759,8.61328125,8.7890625,26.015625,8.61328125
185,185,458,465,50,0,118,3002,4335,3.1640625,3.33984375,8.96484375,3.1640625
186,186,591,657,-36,0,122,8674,9600,6.15234375,6.328125,30.41015625,6.15234375
187,187,697,644,-30,0,-6,9153,8547,5.625,5.80078125,7.03125,5.625
188,188,634,744,48,0,118,896,1709,2.63671875,2.8125,6.6796875,2.63671875
189,189,454,525,-59,0,-113,3654,3244,2.63671875,2.8125,6.6796875,2.63671875
190,190,574,488,2,0,31,12269,10989,9.66796875,9.84375,13.53515625,9.66796875
191,191,681,639,29,0,-179,10566,9915,9.31640625,9.4921875,34.8046875,9.31640625
192,192,540,743,44,0,-76,11633,11535,6.85546875,7.03125,24.2578125,6.85546875
193,193,464,601,-41,0,85,13175,14127,8.7890625,8.96484375,24.08203125,8.7890625
194,194,700,646,-49,0,-116,8041,6834,5.44921875,5.625,14.4140625,5.44921875
195,195,604,543,3,0,63,5094,3794,3.515625,3.69140625,8.96484375,3.515625
196,196,630,719,-6,0,-161,2126,3387,4.921875,5.09765625,28.4765625,4.921875
197,197,735,537,-44,0,-158,13320,12730,15.46875,15.64453125,29.00390625,15.46875
198,198,664,475,-51,0,-27,13287,11950,12.12890625,12.3046875,13.0078125,12.12890625
199,199,661,638,-18,0,83,10276,11248,7.734375,7.91015625,24.2578125,7.734375
200,200,601,647,-28,0,18,559,1313,-1.0,0.703125,-1.0,-1.0
201,201,727,450,-1,0,-64,9416,8178,8.7890625,8.96484375,17.2265625,8.7890625
202,202,642,726,29,0,1,4697,5915,-1.0,0.703125,-1.0,-1.0
203,203,729,468,-54,0,-13,9860,11050,10.1953125,10.37109375,11.42578125,10.1953125
204,204,688,609,-19,0,-93,2893,2780,3.515625,3.69140625,9.66796875,3.515625
205,205,703,498,35,0,4,3933,3703,4.04296875,4.21875,5.9765625,4.04296875
206,206,476,606,56,0,-177,8740,8382,5.09765625,5.2734375,24.609375,5.09765625
207,207,507,635,-54,0,-113,9706,8306,4.74609375,4.921875,13.0078125,4.74609375
208,208,589,566,-15,0,94,603,1569,2.8125,2.98828125,14.94140625,2.8125
209,209,603,728,58,0,168,6517,7689,4.74609375,4.921875,21.62109375,4.74609375
210,210,728,650,19,0,49,5507,6944,-1.0,0.703125,7.03125,-1.0
211,211,453,515,-23,0,-83,6068,5964,3.515625,3.69140625,10.01953125,3.515625
212,212,706,595,-7,0,176,1878,2199,5.44921875,5.625,28.4765625,5.44921875
213,213,523,565,-12,0,94,5711,6945,4.39453125,4.5703125,19.16015625,4.39453125
214,214,603,576,15,0,170,7464,6027,6.50390625,6.6796875,30.76171875,6.50390625
215,215,483,567,-12,0,178,3748,2872,4.5703125,4.74609375,27.0703125,4.5703125
216,216,475,493,-14,0,10,2070,3298,-1.0,0.703125,-1.0,-1.0
217,217,570,484,11,0,163,7416,7925,7.55859375,7.734375,28.30078125,7.55859375
218,218,583,507,-58,0,97,1975,1256,2.4609375,2.63671875,20.56640625,2.4609375
219,219,741,489,46,0,13,10890,10453,10.37109375,10.546875,12.12890625,10.37109375
220,220,488,616,17,0,-122,5204,6604,4.39453125,4.5703125,24.78515625,4.39453125
221,221,569,573,-3,0,-115,8208,9386,6.328125,6.50390625,24.78515625,6.328125
222,222,615,600,-35,0,41,1189,1444,2.28515625,2.4609375,6.328125,2.28515625
223,223,514,672,-28,0,-108,12642,12611,7.55859375,7.734375,21.796875,7.55859375
224,224,522,739,32,0,-34,11189,11997,5.2734375,5.44921875,11.42578125,5.2734375
225,225,711,733,-9,0,-76,8364,8493,5.09765625,5.2734375,14.765625,5.09765625
226,226,499,582,-54,0,-99,6750,7434,4.21875,4.39453125,9.140625,4.21875
227,227,500,523,6,0,-66,4791,4176,3.1640625,3.33984375,10.01953125,3.1640625
228,228,507,481,43,0,-151,11694,11888,13.0078125,13.18359375,28.125,13.0078125
229,229,654,706,29,0,-164,12853,14293,15.29296875,15.46875,36.38671875,15.29296875
230,230,666,610,-24,0,44,10374,11060,7.20703125,7.3828125,15.1171875,7.20703125
231,231,670,460,17,0,-69,2966,4170,4.04296875,4.21875,12.83203125,4.04296875
232,232,556,486,-56,0,134,2669,3637,4.39453125,4.5703125,21.26953125,4.39453125
233,233,589,614,-28,0,88,10101,9988,6.85546875,7.03125,24.78515625,6.85546875
234,234,475,729,-43,0,115,3710,3802,2.98828125,3.1640625,26.71875,2.98828125
235,235,578,698,-6,0,112,6757,7998,5.09765625,5.2734375,25.3125,5.09765625
236,236,675,633,-7,0,-15,9500,8904,5.2734375,5.44921875,7.55859375,5.2734375
237,237,612,725,-10,0,-159,674,1996,4.21875,4.39453125,26.015625,4.21875
238,238,698,687,-39,0,-161,7654,7120,6.328125,6.50390625,28.4765625,6.328125
239,239,467,693,15,0,-93,1554,1015,2.4609375,2.63671875,14.23828125,2.4609375
240,240,503,727,34,0,151,12949,12076,7.20703125,7.3828125,29.00390625,7.20703125
241,241,725,559,17,0,10,10306,9440,7.55859375,7.734375,10.1953125,7.55859375
242,242,474,714,-1,0,-57,2616,3991,-1.0,0.703125,-1.0,-1.0
243,243,688,486,38,0,151,4303,4808,5.44921875,5.625,20.56640625,5.44921875
244,244,501,479,-38,0,152,13012,14253,15.46875,15.64453125,28.65234375,15.46875
245,245,537,518,18,0,-60,1572,1946,2.4609375,2.63671875,8.0859375,2.4609375
246,246,470,509,42,0,-132,1509,2851,2.98828125,3.1640625,22.1484375,2.98828125
247,247,481,501,1,0,45,1572,2484,-1.0,0.703125,4.74609375,-1.0
248,248,748,557,35,0,-126,3590,2520,4.39453125,4.5703125,27.0703125,4.39453125
249,249,745,640,-39,0,91,4807,4579,4.21875,4.39453125,23.5546875,4.21875
250,250,546,706,9,0,-74,7442,6738,3.69140625,3.8671875,14.58984375,3.69140625
251,251,723,678,45,0,59,9850,10564,7.20703125,7.3828125,10.1953125,7.20703125
252,252,603,678,38,0,-180,5946,4433,2.98828125,3.1640625,28.4765625,2.98828125
253,253,583,719,-28,0,-127,10296,10441,6.328125,6.50390625,25.6640625,6.328125
254,254,660,604,-5,0,-141,5177,4314,5.44921875,5.625,27.24609375,5.44921875
255,255,626,522,50,0,-123,1386,1401,2.8125,2.98828125,23.02734375,2.8125
256,256,587,544,-30,0,-158,5918,5435,5.44921875,5.625,24.609375,5.44921875
257,257,671,653,6,0,-148,12217,13589,14.23828125,14.4140625,36.5625,14.23828125
258,258,584,625,45,0,23,4382,5512,-1.0,0.703125,-1.0,-1.0
259,259,454,599,50,0,-64,5273,4740,3.1640625,3.33984375,15.64453125,3.1640625
260,260,459,555,47,0,-91,3415,1926,-1.0,0.703125,20.21484375,-1.0
261,261,511,584,-27,0,60,2137,2050,2.28515625,2.4609375,8.96484375,2.28515625
262,262,492,750,24,0,102,11864,11991,5.44921875,5.625,20.21484375,5.44921875
263,263,615,503,-10,0,29,7259,7460,5.09765625,5.2734375,9.140625,5.09765625
264,264,474,632,-18,0,-179,8534,9471,6.50390625,6.6796875,31.11328125,6.50390625
265,265,503,672,9,0,114,8689,7368,4.74609375,4.921875,23.5546875,4.74609375
266,266,673,511,3,0,112,2892,2952,4.39453125,4.5703125,18.45703125,4.39453125
267,267,489,584,-46,0,-109,11766,13183,8.61328125,8.7890625,17.578125,8.61328125
268,268,586,629,-22,0,129,9021,8492,6.50390625,6.6796875,31.46484375,6.50390625
269,269,498,671,-6,0,-9,12664,12014,5.44921875,5.625,7.55859375,5.44921875
270,270,644,484,18,0,41,2227,1196,2.8125,2.98828125,5.09765625,2.8125
271,271,687,699,-19,0,-9,13286,12347,8.4375,8.61328125,10.01953125,8.4375
272,272,743,470,-58,0,91,11618,12061,10.546875,10.72265625,25.6640625,10.546875
273,273,583,673,34,0,-47,2741,1759,2.28515625,2.4609375,7.20703125,2.28515625
274,274,650,602,40,0,-149,9668,9644,8.7890625,8.96484375,32.16796875,8.7890625
275,275,743,685,9,0,11,8081,6619,-1.0,0.703125,5.625,-1.0
276,276,740,601,-41,0,79,13453,14653,12.3046875,12.48046875,27.24609375,12.3046875
277,277,586,539,17,0,-76,8597,9609,6.328125,6.50390625,19.51171875,6.328125
278,278,517,487,-35,0,-133,7987,7809,5.9765625,6.15234375,19.51171875,5.9765625
279,279,614,674,-17,0,-118,6302,7664,5.09765625,5.2734375,22.1484375,5.09765625
280,280,532,498,27,0,95,849,1467,2.4609375,2.63671875,7.20703125,2.4609375
281,281,738,583,-49,0,6,10181,11114,8.7890625,8.96484375,11.07421875,8.7890625
282,282,606,741,-14,0,-111,12955,13309,9.140625,9.31640625,27.421875,9.140625
283,283,493,601,32,0,-45,7852,8096,4.04296875,4.21875,11.77734375,4.04296875
284,284,483,496,5,0,3,8332,8616,4.74609375,4.921875,7.03125,4.74609375
285,285,631,657,50,0,150,2869,2871,3.69140625,3.8671875,13.359375,3.69140625
286,286,567,472,44,0,-69,6540,5162,4.74609375,4.921875,17.9296875,4.74609375
287,287,738,499,-54,0,-75,10008,9870,9.31640625,9.4921875,13.0078125,9.31640625
288,288,701,659,48,0,-174,7852,8053,6.6796875,6.85546875,29.53125,6.6796875
289,289,455,489,36,0,-37,6475,5064,-1.0,0.703125,10.01953125,-1.0
290,290,566,669,-5,0,-85,8854,9740,5.09765625,5.2734375,17.40234375,5.09765625
291,291,466,712,-36,0,-5,13635,13799,7.20703125,7.3828125,6.85546875,7.20703125
292,292,654,727,0,0,-87,8796,7584,5.09765625,5.2734375,18.984375,5.09765625
293,293,495,504,-55,0,-66,12147,12993,9.66796875,9.84375,11.6015625,9.66796875
294,294,450,478,37,0,30,5493,6306,3.69140625,3.8671875,5.2734375,3.69140625
295,295,590,684,57,0,134,11224,11802,7.03125,7.20703125,20.0390625,7.03125
296,296,620,743,39,0,-148,12660,13324,12.83203125,13.0078125,35.33203125,12.83203125
297,297,537,612,1,0,151,7683,8009,6.15234375,6.328125,30.41015625,6.15234375
298,298,667,648,18,0,46,4152,4518,2.8125,2.98828125,5.09765625,2.8125
299,299,592,733,-41,0,-109,2486,1088,2.4609375,2.63671875,6.50390625,2.4609375
300,300,630,574,-55,0,-174,2796,3816,4.21875,4.39453125,18.984375,4.21875
301,301,496,654,-47,0,51,3123,4047,-1.0,0.703125,10.8984375,-1.0
302,302,729,535,-29,0,164,6593,6441,7.734375,7.91015625,30.41015625,7.734375
303,303,488,729,-7,0,-119,3648,4950,3.515625,3.69140625,20.21484375,3.515625
304,304,694,642,55,0,127,10173,10697,7.734375,7.91015625,18.984375,7.734375
305,305,632,687,50,0,83,7399,8295,4.74609375,4.921875,8.7890625,4.74609375
306,306,621,703,48,0,139,5757,5619,4.21875,4.39453125,15.64453125,4.21875
307,307,731,629,59,0,99,10669,9413,7.55859375,7.734375,13.7109375,7.55859375
308,308,561,521,45,0,-29,2479,1272,-1.0,0.703125,7.3828125,-1.0
309,309,609,617,-51,0,43,2545,2879,2.63671875,2.8125,10.1953125,2.63671875
310,310,644,709,6,0,106,1332,1511,3.33984375,3.515625,13.53515625,3.33984375
311,311,700,570,36,0,-100,9222,7934,7.03125,7.20703125,27.94921875,7.03125
312,312,531,570,-7,0,165,11807,11921,12.3046875,12.48046875,33.92578125,12.3046875
313,313,652,579,-41,0,51,5335,5639,4.21875,4.39453125,13.53515625,4.21875
314,314,658,474,-10,0,162,1042,1069,4.39453125,4.5703125,24.9609375,4.39453125
315,315,485,494,-57,0,26,7381,8098,4.921875,5.09765625,10.37109375,4.921875
316,316,492,544,-10,0,-170,11343,11387,11.6015625,11.77734375,31.9921875,11.6015625
317,317,713,535,40,0,45,2682,3996,-1.0,0.703125,-1.0,-1.0
318,318,613,675,16,0,-124,8215,6793,5.80078125,5.9765625,30.76171875,5.80078125
319,319,654,638,0,0,89,7807,8148,5.44921875,5.625,18.984375,5.44921875
320,320,470,576,7,0,-134,7583,6629,5.2734375,5.44921875,27.24609375,5.2734375
321,321,551,690,52,0,48,3229,2925,2.4609375,2.63671875,2.98828125,2.4609375
322,322,607,700,-26,0,140,8466,8208,6.328125,6.50390625,33.75,6.328125
323,323,534,588,-53,0,34,5575,4353,3.33984375,3.515625,10.01953125,3.33984375
324,324,607,662,48,0,-124,7563,6491,4.5703125,4.74609375,29.70703125,4.5703125
325,325,573,626,-32,0,95,1401,2175,2.8125,2.98828125,19.16015625,2.8125
326,326,731,683,-47,0,168,5533,4815,5.80078125,5.9765625,28.828125,5.80078125
327,327,710,599,-44,0,107,13521,13143,11.953125,12.12890625,31.640625,11.953125
328,328,483,548,56,0,2,13192,12894,8.96484375,9.140625,9.84375,8.96484375
329,329,716,663,-34,0,-28,1056,1271,2.109375,2.28515625,2.8125,2.109375
330,330,742,715,22,0,115,3651,3727,4.39453125,4.5703125,14.58984375,4.39453125
331,331,459,455,-37,0,-12,4715,5264,3.515625,3.69140625,5.2734375,3.515625
332,332,468,497,5,0,-178,7003,7102,6.50390625,6.6796875,28.125,6.50390625
333,333,462,469,-53,0,-138,1938,1774,2.63671875,2.8125,9.31640625,2.63671875
334,334,727,591,0,0,93,9632,10307,8.26171875,8.4375,24.609375,8.26171875
335,335,484,587,-7,0,23,2325,3278,-1.0,0.703125,2.98828125,-1.0
336,336,722,724,-38,0,-113,13360,14677,11.6015625,11.77734375,24.78515625,11.6015625
337,337,537,530,12,0,-113,10274,10347,8.0859375,8.26171875,27.0703125,8.0859375
338,338,505,702,50,0,-15,5354,4209,-1.0,0.703125,-1.0,-1.0
339,339,745,644,20,0,-62,6289,6084,4.5703125,4.74609375,14.58984375,4.5703125
340,340,741,482,-29,0,-120,9666,10598,10.8984375,11.07421875,23.37890625,10.8984375
341,341,716,713,-14,0,78,11642,12127,8.4375,8.61328125,24.9609375,8.4375
342,342,456,705,29,0,-57,11278,12236,5.44921875,5.625,16.5234375,5.44921875
343,343,573,669,16,0,-2,4009,4055,1.93359375,2.109375,2.63671875,1.93359375
344,344,712,549,30,0,87,6608,6957,5.625,5.80078125,12.65625,5.625
345,345,480,727,0,0,108,10374,11675,5.80078125,5.9765625,25.48828125,5.80078125
346,346,687,748,24,0,-52,4692,3596,2.8125,2.98828125,8.7890625,2.8125
347,347,716,599,35,0,14,7329,7775,5.2734375,5.44921875,6.6796875,5.2734375
348,348,696,681,37,0,179,7302,5876,6.328125,6.50390625,31.11328125,6.328125
349,349,576,589,39,0,-92,11420,10888,7.91015625,8.0859375,26.71875,7.91015625
350,350,666,512,-8,0,125,8781,9832,8.96484375,9.140625,28.828125,8.96484375
351,351,677,625,45,0,167,6143,6431,5.80078125,5.9765625,25.3125,5.80078125
352,352,477,608,-46,0,25,13652,12452,8.26171875,8.4375,12.65625,8.26171875
353,353,599,569,1,0,-77,6060,5223,4.04296875,4.21875,13.359375,4.04296875
354,354,682,613,54,0,-11,10848,10455,7.91015625,8.0859375,11.07421875,7.91015625
355,355,644,502,-59,0,-16,4776,5156,4.39453125,4.5703125,6.328125,4.39453125
356,356,633,687,-53,0,135,10443,11649,11.25,11.42578125,30.76171875,11.25
357,357,532,608,-28,0,22,11010,9540,5.625,5.80078125,10.01953125,5.625
358,358,598,606,-57,0,175,9420,10331,7.03125,7.20703125,26.015625,7.03125
359,359,678,716,-49,0,12,5934,6847,3.8671875,4.04296875,5.625,3.8671875
360,360,681,725,3,0,-83,2934,2072,3.1640625,3.33984375,10.546875,3.1640625
361,361,527,691,-42,0,123,5662,5932,3.8671875,4.04296875,28.30078125,3.8671875
362,362,562,632,54,0,-123,1707,2467,2.8125,2.98828125,24.2578125,2.8125
363,363,467,677,-35,0,-43,10647,11472,5.09765625,5.2734375,7.3828125,5.09765625
364,364,656,691,-49,0,-88,10632,9801,6.50390625,6.6796875,12.65625,6.50390625
365,365,660,680,-27,0,-9,3312,4148,-1.0,0.703125,2.8125,-1.0
366,366,637,604,51,0,-127,9736,8804,5.9765625,6.15234375,30.05859375,5.9765625
367,367,733,668,55,0,-30,5353,6250,4.21875,4.39453125,10.37109375,4.21875
368,368,490,632,22,0,-79,3130,3574,2.8125,2.98828125,14.23828125,2.8125
369,369,475,676,5,0,117,12287,10929,6.85546875,7.03125,27.7734375,6.85546875
370,370,710,721,55,0,-101,13708,15116,9.4921875,9.66796875,30.5859375,9.4921875
371,371,633,600,40,0,-167,6740,7153,6.50390625,6.6796875,29.00390625,6.50390625
372,372,539,657,-25,0,6,2373,2053,1.58203125,1.7578125,2.109375,1.58203125
373,373,481,496,36,0,-160,10765,11744,12.48046875,12.65625,28.4765625,12.48046875
374,374,624,536,32,0,144,4670,4505,4.921875,5.09765625,20.91796875,4.921875
375,375,472,492,-7,0,174,6230,7057,7.03125,7.03125,27.24609375,7.03125
376,376,665,741,10,0,174,11881,12499,13.0078125,13.18359375,39.0234375,13.0078125
377,377,583,545,52,0,93,2578,4066,-1.0,0.703125,6.15234375,-1.0
378,378,640,617,-31,0,127,9279,8891,6.85546875,7.03125,31.81640625,6.85546875
379,379,694,498,36,0,145,10348,9532,10.8984375,11.07421875,26.89453125,10.8984375
380,380,626,742,-24,0,71,7447,7048,4.21875,4.39453125,18.6328125,4.21875
381,381,458,646,-24,0,165,11233,12399,9.66796875,9.84375,32.51953125,9.66796875
382,382,655,745,34,0,-8,13136,14005,8.7890625,8.96484375,9.66796875,8.7890625
383,383,488,748,-11,0,-8,3070,4462,-1.0,0.703125,-1.0,-1.0
384,384,476,548,26,0,137,3637,3447,3.515625,3.69140625,17.9296875,3.515625
385,385,738,617,51,0,23,6234,6507,4.921875,5.09765625,5.9765625,4.921875
386,386,507,488,41,0,-120,12723,13579,10.72265625,10.8984375,27.59765625,10.72265625
387,387,635,549,23,0,101,12977,13886,13.0078125,13.18359375,23.73046875,13.0078125
388,388,707,709,8,0,-170,3155,2390,5.625,5.80078125,32.16796875,5.625
389,389,715,621,-6,0,116,12291,11962,12.65625,12.83203125,32.6953125,12.65625
390,390,662,580,-47,0,55,3002,2960,3.1640625,3.33984375,13.53515625,3.1640625
391,391,500,633,29,0,6,6810,6359,2.98828125,3.1640625,3.69140625,2.98828125
392,392,612,726,-33,0,-173,7412,8538,6.328125,6.50390625,30.9375,6.328125
393,393,538,577,-47,0,-15,9900,10211,6.328125,6.50390625,7.3828125,6.328125
394,394,667,460,3,0,-43,11739,11983,12.12890625,12.3046875,16.69921875,12.12890625
395,395,723,633,7,0,134,11452,12210,13.0078125,13.18359375,33.57421875,13.0078125
396,396,714,624,58,0,100,11699,11203,9.31640625,9.4921875,15.46875,9.31640625
397,397,555,468,-44,0,-103,7883,8653,6.50390625,6.6796875,13.88671875,6.50390625
398,398,513,497,14,0,-34,7934,8326,4.921875,5.09765625,9.84375,4.921875
399,399,570,459,14,0,145,11701,12687,14.58984375,14.765625,29.1796875,14.58984375
400,400,657,717,-14,0,76,313,1650,2.4609375,2.63671875,8.96484375,2.4609375
401,401,485,580,17,0,-56,2217,2171,2.109375,2.28515625,6.6796875,2.109375
402,402,530,570,30,0,54,12909,13062,9.31640625,9.4921875,13.0078125,9.31640625
403,403,459,505,49,0,-156,10863,10614,8.61328125,8.7890625,26.71875,8.61328125
404,404,611,718,57,0,172,11466,12163,7.20703125,7.3828125,26.54296875,7.20703125
405,405,476,486,4,0,-8,6715,7092,3.8671875,4.04296875,5.9765625,3.8671875
406,406,563,595,54,0,56,8837,9192,5.625,5.80078125,7.734375,5.625
407,407,476,637,-4,0,102,8279,9259,4.921875,5.09765625,22.32421875,4.921875
408,408,549,738,-51,0,27,2705,4170,-1.0,0.703125,-1.0,-1.0
409,409,528,606,-8,0,122,12750,11510,9.31640625,9.4921875,30.9375,9.31640625
410,410,701,505,23,0,179,7941,8046,8.96484375,9.140625,30.9375,8.96484375
411,411,462,535,36,0,76,9076,9306,5.2734375,5.44921875,10.8984375,5.2734375
412,412,544,705,-31,0,159,10232,9743,7.734375,7.91015625,34.453125,7.734375
413,413,687,591,-35,0,-48,6213,6924,4.74609375,4.921875,6.85546875,4.74609375
414,414,566,638,8,0,-138,11585,10593,8.61328125,8.7890625,33.92578125,8.61328125
415,415,564,703,19,0,-168,7091,6450,6.50390625,6.6796875,33.3984375,6.50390625
416,416,744,663,23,0,-94,1838,2038,3.515625,3.69140625,19.51171875,3.515625
417,417,565,655,-50,0,-53,3540,3585,2.63671875,2.8125,3.69140625,2.63671875
418,418,689,568,57,0,-154,8528,9088,7.55859375,7.734375,27.59765625,7.55859375
419,419,685,539,-38,0,-128,12182,12690,12.48046875,12.65625,25.3125,12.48046875
420,420,553,538,56,0,94,13507,13081,10.546875,10.72265625,15.29296875,10.546875
421,421,507,543,7,0,-28,10406,11254,6.15234375,6.328125,10.1953125,6.15234375
422,422,630,707,-46,0,-99,12152,10836,7.03125,7.20703125,16.34765625,7.03125
423,423,560,521,33,0,-110,8642,8205,6.328125,6.50390625,26.3671875,6.328125
424,424,565,650,50,0,33,8023,9012,-1.0,0.703125,5.625,-1.0
425,425,615,521,47,0,72,6192,7435,-1.0,0.703125,8.4375,-1.0
426,426,639,474,-60,0,129,3996,2962,4.921875,5.09765625,22.1484375,4.921875
427,427,470,735,19,0,-65,6525,7004,2.98828125,3.1640625,12.3046875,2.98828125
428,428,599,715,-6,0,-171,2240,1997,4.74609375,4.921875,29.70703125,4.74609375
429,429,569,674,-50,0,-74,1302,2656,-1.0,0.703125,-1.0,-1.0
430,430,588,454,-53,0,45,7763,7015,5.80078125,5.9765625,14.94140625,5.80078125
431,431,553,553,-59,0,-147,3344,3819,3.33984375,3.515625,11.42578125,3.33984375
432,432,708,727,-22,0,-40,13233,11982,8.0859375,8.26171875,12.12890625,8.0859375
433,433,570,479,-43,0,-176,2095,3563,4.21875,4.39453125,19.3359375,4.21875
434,434,643,705,37,0,14,5620,5225,3.1640625,3.33984375,3.515625,3.1640625
435,435,743,731,-52,0,-139,3713,2649,3.8671875,4.04296875,11.42578125,3.8671875
436,436,650,716,31,0,1,9670,8386,-1.0,0.703125,5.80078125,-1.0
437,437,631,721,28,0,15,7439,7735,3.515625,3.69140625,4.04296875,3.515625
438,438,546,520,48,0,-71,10232,11596,7.734375,7.91015625,20.56640625,7.734375
439,439,514,504,43,0,44,5851,6460,4.04296875,4.21875,5.9765625,4.04296875
440,440,640,487,-60,0,32,8159,9225,6.6796875,6.85546875,13.53515625,6.6796875
441,441,660,580,8,0,179,12462,11814,14.765625,14.94140625,37.08984375,14.765625
442,442,739,625,12,0,55,2344,2583,2.8125,2.98828125,5.625,2.8125
443,443,649,480,17,0,-174,13103,13093,17.9296875,18.10546875,34.27734375,17.9296875
444,444,653,534,-59,0,-113,9637,8958,7.20703125,7.3828125,14.58984375,7.20703125
445,445,609,537,-5,0,-128,12051,13134,13.7109375,13.88671875,30.05859375,13.7109375
446,446,632,488,8,0,75,5434,5403,4.74609375,4.921875,12.12890625,4.74609375
447,447,552,498,-2,0,53,7518,8455,5.2734375,5.44921875,11.6015625,5.2734375
448,448,540,652,-25,0,130,9193,9326,6.328125,6.50390625,31.2890625,6.328125
449,449,578,649,-40,0,148,4947,4722,5.625,5.80078125,28.4765625,5.625
450,450,503,508,-29,0,76,11135,10468,7.734375,7.91015625,21.4453125,7.734375
451,451,538,570,-39,0,-100,1590,1874,2.4609375,2.63671875,6.328125,2.4609375
452,452,617,658,31,0,-23,8456,9290,4.74609375,4.921875,8.4375,4.74609375
453,453,690,680,17,0,-109,12315,12277,11.42578125,11.6015625,32.6953125,11.42578125
454,454,521,743,-57,0,46,8722,9198,4.74609375,4.921875,14.765625,4.74609375
455,455,583,670,-23,0,130,12455,13476,11.42578125,11.6015625,33.92578125,11.42578125
456,456,525,588,34,0,81,9044,10562,5.80078125,5.9765625,12.48046875,5.80078125
457,457,467,453,-39,0,-37,11108,12630,9.4921875,9.66796875,10.546875,9.4921875
458,458,470,653,-43,0,-143,1986,1707,2.63671875,2.8125,11.25,2.63671875
459,459,550,548,45,0,105,5909,5356,4.04296875,4.21875,10.1953125,4.04296875
460,460,729,656,17,0,163,3682,3987,5.80078125,5.9765625,28.65234375,5.80078125
461,461,619,574,-54,0,43,7800,6807,5.09765625,5.2734375,14.4140625,5.09765625
462,462,627,625,-26,0,-90,11418,10644,7.55859375,7.734375,18.28125,7.55859375
463,463,681,628,12,0,124,13388,14679,15.1171875,15.29296875,30.76171875,15.1171875
464,464,501,635,-41,0,-43,5337,4365,-1.0,0.703125,3.8671875,-1.0
465,465,507,708,-6,0,107,8280,7877,4.74609375,4.921875,24.78515625,4.74609375
466,466,698,647,-14,0,91,3984,4034,4.04296875,4.21875,19.16015625,4.04296875
467,467,485,460,56,0,-59,12407,11911,8.61328125,8.7890625,19.3359375,8.61328125
468,468,486,586,17,0,-49,10210,9116,4.921875,5.09765625,13.18359375,4.921875
469,469,546,499,53,0,-82,3280,4399,3.33984375,3.515625,18.28125,3.33984375
470,470,663,484,-20,0,-91,11982,11791,12.12890625,12.3046875,21.62109375,12.12890625
471,471,750,736,45,0,-66,4258,4127,3.515625,3.69140625,18.10546875,3.515625
472,472,654,708,-17,0,-58,12940,13577,8.61328125,8.7890625,15.46875,8.61328125
473,473,535,590,9,0,-177,4795,3628,5.2734375,5.44921875,29.00390625,5.2734375
474,474,637,454,4,0,51,13062,11968,13.18359375,13.359375,18.10546875,13.18359375
475,475,488,724,38,0,3,6960,6397,-1.0,0.703125,-1.0,-1.0
476,476,667,584,45,0,53,1427,2313,-1.0,0.703125,3.8671875,-1.0
477,477,539,697,-9,0,64,6248,7475,3.1640625,3.33984375,11.07421875,3.1640625
478,478,747,567,2,0,77,2357,3799,3.69140625,3.8671875,10.1953125,3.69140625
479,479,643,453,-41,0,-99,4070,3615,4.21875,4.39453125,9.84375,4.21875
480,480,742,585,-58,0,173,12054,12765,13.88671875,14.0625,28.125,13.88671875
481,481,563,619,-6,0,-98,10551,9824,6.50390625,6.6796875,23.203125,6.50390625
482,482,478,475,-44,0,-169,7045,6958,5.44921875,5.625,22.5,5.44921875
483,483,454,616,6,0,56,5856,5832,2.4609375,2.63671875,6.85546875,2.4609375
484,484,506,518,23,0,-36,12615,12713,9.4921875,9.66796875,14.765625,9.4921875
485,485,649,702,28,0,-98,12485,11726,8.96484375,9.140625,30.76171875,8.96484375
486,486,507,590,6,0,67,11495,12774,7.55859375,7.734375,16.171875,7.55859375
487,487,568,514,36,0,35,6881,6355,4.5703125,4.74609375,6.6796875,4.5703125
488,488,460,503,7,0,-85,5372,4185,3.515625,3.69140625,14.94140625,3.515625
489,489,573,720,58,0,153,2882,3318,3.1640625,3.33984375,11.77734375,3.1640625
490,490,727,481,-17,0,60,11062,9710,10.01953125,10.1953125,20.0390625,10.01953125
491,491,698,665,-36,0,-178,4885,4152,5.625,5.80078125,28.30078125,5.625
492,492,588,710,49,0,65,6123,6642,3.69140625,3.8671875,5.625,3.69140625
493,493,565,665,-32,0,-139,3623,4582,4.04296875,4.21875,19.3359375,4.04296875
494,494,545,747,47,0,123,9629,10067,4.74609375,4.921875,17.578125,4.74609375
495,495,534,655,-55,0,-180,1532,2782,2.98828125,3.1640625,18.45703125,2.98828125
496,496,652,590,-49,0,-46,2670,4178,-1.0,0.703125,-1.0,-1.0
497,497,720,727,48,0,172,5763,5064,5.2734375,5.44921875,26.3671875,5.2734375
498,498,532,712,-38,0,98,9727,10414,5.9765625,6.15234375,27.421875,5.9765625
499,499,652,703,1,0,160,4200,4273,5.44921875,5.625,31.11328125,5.44921875
500,500,622,452,-43,0,-51,4287,4285,4.21875,4.39453125,6.6796875,4.21875
501,501,588,525,-39,0,-140,8958,7878,6.6796875,6.85546875,21.796875,6.6796875
502,502,482,740,-1,0,-174,6384,6579,5.80078125,5.9765625,32.87109375,5.80078125
503,503,657,744,37,0,-95,6822,7469,4.74609375,4.921875,26.3671875,4.74609375
504,504,472,608,-29,0,-159,4064,4207,3.8671875,4.04296875,22.67578125,3.8671875
505,505,710,461,11,0,-121,8073,7400,8.0859375,8.26171875,27.7734375,8.0859375
506,506,706,555,-18,0,113,6228,6028,5.9765625,6.15234375,26.19140625,5.9765625
507,507,563,616,5,0,-135,13065,14110,13.53515625,13.7109375,32.87109375,13.53515625
508,508,507,675,-53,0,-44,13401,12962,8.0859375,8.26171875,8.61328125,8.0859375
509,509,636,730,16,0,-71,7441,8905,4.39453125,4.5703125,16.69921875,4.39453125
510,510,625,481,-50,0,-104,2730,2730,3.515625,3.69140625,7.734375,3.515625
511,511,725,540,4,0,0,2699,2855,2.98828125,3.1640625,4.39453125,2.98828125
512,512,554,478,-33,0,-26,11417,10142,8.4375,8.61328125,10.8984375,8.4375
513,513,690,662,37,0,-93,2600,1249,2.98828125,3.1640625,21.796875,2.98828125
514,514,555,535,36,0,-115,4152,5420,4.04296875,4.21875,23.73046875,4.04296875
515,515,732,723,32,0,137,5985,4917,5.2734375,5.44921875,23.37890625,5.2734375
516,516,670,599,-27,0,4,13103,12111,10.1953125,10.37109375,12.12890625,10.1953125
517,517,688,620,21,0,171,2058,2294,4.921875,5.09765625,26.015625,4.921875
518,518,730,585,-31,0,38,10430,11754,8.96484375,9.140625,15.64453125,8.96484375
519,519,745,722,11,0,-57,10701,9887,6.328125,6.50390625,16.69921875,6.328125
520,520,627,608,-44,0,38,9955,8979,6.15234375,6.328125,14.23828125,6.15234375
521,521,470,687,15,0,66,8432,8394,3.1640625,3.33984375,9.4921875,3.1640625
522,522,636,615,29,0,-20,5886,7306,-1.0,0.703125,6.328125,-1.0
523,523,461,580,-19,0,38,7208,6494,3.1640625,3.33984375,7.91015625,3.1640625
524,524,699,549,32,0,126,11120,12404,11.77734375,11.953125,25.48828125,11.77734375
525,525,468,546,-24,0,-67,7761,6673,3.8671875,4.04296875,8.96484375,3.8671875
526,526,487,734,22,0,28,5598,6393,-1.0,0.703125,2.98828125,-1.0
527,527,742,623,57,0,145,13005,14118,12.65625,12.83203125,25.6640625,12.65625
528,528,644,452,-43,0,146,825,1999,4.5703125,4.74609375,21.62109375,4.5703125
529,529,670,522,48,0,-130,6339,5105,4.921875,5.09765625,26.89453125,4.921875
530,530,541,548,54,0,-119,3946,2755,2.98828125,3.1640625,24.08203125,2.98828125
531,531,470,693,17,0,-164,10303,10685,8.0859375,8.26171875,34.1015625,8.0859375
532,532,723,692,30,0,74,7825,8706,5.09765625,5.2734375,11.25,5.09765625
533,533,696,595,3,0,-158,12731,11837,14.58984375,14.765625,37.79296875,14.58984375
534,534,722,725,-50,0,108,11394,10673,7.20703125,7.3828125,32.6953125,7.20703125
535,535,599,464,-59,0,158,7184,6062,5.9765625,6.15234375,23.37890625,5.9765625
536,536,564,732,29,0,-165,12742,12067,9.31640625,9.4921875,36.38671875,9.31640625
537,537,500,700,32,0,-103,822,1114,2.4609375,2.63671875,20.91796875,2.4609375
538,538,605,603,54,0,88,8313,7934,5.2734375,5.44921875,9.84375,5.2734375
539,539,602,665,42,0,-43,3993,3227,2.8125,2.98828125,8.96484375,2.8125
540,540,490,658,-27,0,115,5353,4180,3.69140625,3.8671875,25.48828125,3.69140625
541,541,501,679,10,0,-172,12132,10714,8.96484375,9.140625,36.38671875,8.96484375
542,542,568,723,-5,0,-155,3675,3456,4.5703125,4.74609375,28.828125,4.5703125
543,543,473,731,48,0,99,12591,11524,5.625,5.80078125,14.23828125,5.625
544,544,473,587,12,0,-97,9037,10133,5.80078125,5.9765625,22.5,5.80078125
545,545,632,559,37,0,132,5184,4810,4.74609375,4.921875,16.34765625,4.74609375
546,546,522,711,58,0,-78,12155,11323,6.85546875,7.03125,24.609375,6.85546875
547,547,518,616,-14,0,-106,8658,9553,5.44921875,5.625,21.09375,5.44921875
548,548,470,582,46,0,45,12622,13131,8.4375,8.61328125,9.66796875,8.4375
549,549,544,646,9,0,-130,2486,3067,3.8671875,4.04296875,23.90625,3.8671875
550,550,478,483,18,0,-27,7953,9136,-1.0,0.703125,9.140625,-1.0
551,551,558,588,-5,0,-128,7459,6262,5.44921875,5.625,25.83984375,5.44921875
552,552,494,586,-22,0,-50,5335,6344,2.8125,2.98828125,5.625,2.8125
553,553,731,694,6,0,33,8340,7917,4.39453125,4.5703125,7.55859375,4.39453125
554,554,665,544,1,0,143,2563,3800,4.921875,5.09765625,24.2578125,4.921875
555,555,662,569,16,0,13,8247,9291,5.625,5.80078125,7.55859375,5.625
556,556,605,661,7,0,167,3749,3992,5.2734375,5.44921875,29.35546875,5.2734375
557,557,637,713,-1,0,130,12554,13792,12.48046875,12.65625,34.1015625,12.48046875
558,558,703,459,2,0,25,9512,8936,8.4375,8.61328125,12.3046875,8.4375
559,559,624,564,-36,0,40,12250,13378,10.1953125,10.37109375,16.69921875,10.1953125
560,560,582,597,53,0,177,10044,9786,6.85546875,7.03125,26.3671875,6.85546875
561,561,535,705,-34,0,43,5990,5803,2.8125,2.98828125,8.96484375,2.8125
562,562,513,503,47,0,-72,13433,13927,9.66796875,9.84375,21.97265625,9.66796875
563,563,527,672,-57,0,71,11284,10745,6.6796875,6.85546875,22.32421875,6.6796875
564,564,557,721,28,0,-4,13642,12808,7.20703125,7.3828125,8.4375,7.20703125
565,565,531,550,42,0,-109,661,1765,2.63671875,2.8125,21.09375,2.63671875
566,566,534,743,-2,0,95,2316,2300,2.8125,2.98828125,12.83203125,2.8125
567,567,733,558,-23,0,61,7975,8681,6.50390625,6.6796875,17.40234375,6.50390625
568,568,740,708,57,0,81,4505,4160,3.69140625,3.8671875,5.625,3.69140625
569,569,609,500,-29,0,-49,7505,7578,5.44921875,5.625,8.96484375,5.44921875
570,570,479,746,22,0,135,8868,7604,4.74609375,4.921875,26.19140625,4.74609375
571,571,658,523,53,0,24,5979,4575,-1.0,0.703125,6.328125,-1.0
572,572,625,542,47,0,-130,5837,5640,4.5703125,4.74609375,26.3671875,4.5703125
573,573,475,526,10,0,34,4542,3866,-1.0,0.703125,4.74609375,-1.0
574,574,598,514,16,0,-62,10247,10039,7.55859375,7.734375,17.75390625,7.55859375
575,575,490,492,-34,0,128,8432,7056,5.80078125,5.9765625,26.89453125,5.80078125
576,576,655,625,-23,0,63,3464,3799,3.1640625,3.33984375,11.25,3.1640625
577,577,648,674,-8,0,131,12618,13832,13.18359375,13.359375,34.62890625,13.18359375
578,578,742,666,-36,0,128,11838,13265,12.12890625,12.3046875,34.98046875,12.12890625
579,579,549,574,-41,0,-61,7186,6432,4.21875,4.39453125,7.03125,4.21875
580,580,653,664,39,0,121,11598,10931,7.91015625,8.0859375,22.5,7.91015625
581,581,691,542,-18,0,159,10788,9606,10.72265625,10.8984375,35.15625,10.72265625
582,582,635,621,-49,0,-177,2439,3626,4.39453125,4.5703125,21.09375,4.39453125
583,583,740,705,-52,0,-159,13079,11943,9.4921875,9.66796875,29.8828125,9.4921875
584,584,476,732,-39,0,-133,7841,7689,3.8671875,4.04296875,18.6328125,3.8671875
585,585,634,651,-11,0,-155,7731,8402,7.03125,7.20703125,31.81640625,7.03125
586,586,574,460,-36,0,-159,2121,2893,4.04296875,4.21875,18.10546875,4.04296875
587,587,719,742,-34,0,-12,7092,7257,4.04296875,4.21875,4.39453125,4.04296875
588,588,600,629,-42,0,86,2563,2677,2.98828125,3.1640625,19.6875,2.98828125
589,589,730,710,-29,0,65,5235,3942,3.69140625,3.8671875,15.1171875,3.69140625
590,590,642,606,-19,0,-47,3883,3708,2.8125,2.98828125,5.09765625,2.8125
591,591,492,517,-1,0,-17,7159,8347,-1.0,0.703125,6.15234375,-1.0
592,592,600,665,13,0,149,13306,12962,12.65625,12.83203125,34.27734375,12.65625
593,593,712,637,50,0,169,6478,6589,5.80078125,5.9765625,25.13671875,5.80078125
594,594,475,609,34,0,57,6743,7877,-1.0,0.703125,6.328125,-1.0
595,595,551,507,32,0,-105,1786,2889,3.33984375,3.515625,20.21484375,3.33984375
596,596,515,497,54,0,133,10208,10857,7.91015625,8.0859375,18.45703125,7.91015625
597,597,686,497,53,0,-177,3014,3700,4.921875,5.09765625,20.390625,4.921875
598,598,694,589,-26,0,-91,9422,8493,6.6796875,6.85546875,16.875,6.6796875
599,599,637,493,-11,0,47,2671,4186,3.1640625,3.33984375,7.734375,3.1640625
600,600,482,648,31,0,-143,7347,8017,5.2734375,5.44921875,29.8828125,5.2734375
601,601,741,616,-6,0,-112,11242,11955,12.12890625,12.3046875,29.70703125,12.12890625
602,602,671,660,30,0,-153,9128,7742,8.26171875,8.4375,34.98046875,8.26171875
603,603,456,566,-38,0,89,6433,5762,3.8671875,4.04296875,20.7421875,3.8671875
604,604,497,711,46,0,145,12877,13567,7.734375,7.91015625,25.6640625,7.734375
605,605,572,503,-44,0,-155,9368,10166,8.26171875,8.4375,24.08203125,8.26171875
606,606,603,612,-47,0,-112,3753,4664,3.515625,3.69140625,8.96484375,3.515625
607,607,643,617,-45,0,78,3750,4644,3.515625,3.69140625,18.984375,3.515625
608,608,615,716,-45,0,124,729,1238,2.63671875,2.8125,26.54296875,2.63671875
609,609,515,646,-34,0,-22,3067,2187,-1.0,0.703125,-1.0,-1.0
610,610,737,558,-37,0,160,4022,2555,5.80078125,5.9765625,27.24609375,5.80078125
611,611,622,620,-34,0,-35,6861,7175,4.21875,4.39453125,5.80078125,4.21875
612,612,707,589,-36,0,156,5650,4362,6.50390625,6.6796875,29.70703125,6.50390625
613,613,513,528,53,0,-78,13084,13503,8.61328125,8.7890625,22.67578125,8.61328125
614,614,629,516,-22,0,-112,11966,11228,10.8984375,11.07421875,24.2578125,10.8984375
615,615,672,527,12,0,32,6076,5747,4.39453125,4.5703125,7.20703125,4.39453125
616,616,495,699,54,0,85,7644,6808,3.515625,3.69140625,6.6796875,3.515625
617,617,719,505,-26,0,-67,12756,12647,13.18359375,13.359375,18.45703125,13.18359375
618,618,546,746,-45,0,99,9295,8074,4.74609375,4.921875,28.4765625,4.74609375
619,619,535,598,52,0,-165,5323,6600,4.921875,5.09765625,24.43359375,4.921875
620,620,654,641,-45,0,-171,6542,7177,5.80078125,5.9765625,26.3671875,5.80078125
621,621,710,677,44,0,-13,13117,12338,9.66796875,9.84375,12.3046875,9.66796875
622,622,464,468,-42,0,28,3988,2815,2.8125,2.98828125,8.0859375,2.8125
623,623,722,679,-6,0,140,2999,3825,5.09765625,5.2734375,28.125,5.09765625
624,624,592,600,18,0,-179,7850,6413,6.85546875,7.03125,31.9921875,6.85546875
625,625,697,584,-58,0,-8,4726,4695,4.04296875,4.21875,5.625,4.04296875
626,626,582,497,-17,0,-110,9574,8812,7.55859375,7.734375,21.26953125,7.55859375
627,627,497,553,6,0,152,3910,3545,4.39453125,4.5703125,24.609375,4.39453125
628,628,612,635,-59,0,-22,2181,3703,-1.0,0.703125,-1.0,-1.0
629,629,583,452,35,0,-63,13179,12825,11.953125,12.12890625,21.796875,11.953125
630,630,573,487,20,0,-63,8962,8345,6.328125,6.50390625,16.875,6.328125
631,631,704,671,-35,0,26,12159,11945,8.7890625,8.96484375,13.7109375,8.7890625
632,632,691,557,-21,0,-147,2927,2041,4.74609375,4.921875,22.1484375,4.74609375
633,633,576,503,49,0,58,9390,10265,7.3828125,7.55859375,10.01953125,7.3828125
634,634,578,580,-31,0,2,11001,9963,6.6796875,6.85546875,8.96484375,6.6796875
635,635,683,729,-36,0,-21,9159,8466,4.921875,5.09765625,5.625,4.921875
636,636,605,463,50,0,-151,3577,2605,4.74609375,4.921875,22.1484375,4.74609375
637,637,686,654,26,0,144,6244,5182,5.625,5.80078125,25.83984375,5.625
638,638,663,597,38,0,31,11912,12985,10.01953125,10.1953125,10.8984375,10.01953125
639,639,588,450,18,0,-31,4513,5603,4.04296875,4.21875,8.26171875,4.04296875
640,640,717,604,-27,0,-96,2651,4048,3.69140625,3.8671875,9.4921875,3.69140625
641,641,698,694,53,0,43,12281,12024,8.96484375,9.140625,9.84375,8.96484375
642,642,660,521,45,0,54,9739,8223,7.03125,7.20703125,10.37109375,7.03125
643,643,616,628,-28,0,91,11602,11165,8.4375,8.61328125,27.24609375,8.4375
644,644,600,522,-28,0,84,1800,1734,3.1640625,3.33984375,16.171875,3.1640625
645,645,708,719,-22,0,-106,9098,10589,6.6796875,6.85546875,21.26953125,6.6796875
646,646,636,665,57,0,100,10178,11117,7.20703125,7.3828125,13.53515625,7.20703125
647,647,567,750,59,0,7,12568,13795,8.0859375,8.26171875,6.85546875,8.0859375
648,648,583,612,-45,0,7,8614,9068,5.2734375,5.44921875,7.55859375,5.2734375
649,649,680,714,8,0,61,5385,5025,3.1640625,3.33984375,7.734375,3.1640625
650,650,716,693,46,0,-51,1707,1385,2.4609375,2.63671875,10.546875,2.4609375
651,651,575,556,38,0,-40,2288,1018,-1.0,0.703125,7.3828125,-1.0
652,652,596,696,1,0,91,437,1106,2.63671875,2.8125,8.96484375,2.63671875
653,653,740,576,-17,0,-37,6414,7803,-1.0,0.703125,7.734375,-1.0
654,654,493,545,32,0,-12,5357,4156,-1.0,0.703125,-1.0,-1.0
655,655,587,486,-40,0,-4,9247,8577,6.6796875,6.85546875,9.31640625,6.6796875
656,656,750,662,-13,0,-65,9060,8981,5.9765625,6.15234375,13.7109375,5.9765625
657,657,686,476,16,0,176,4377,5466,6.50390625,6.6796875,26.71875,6.50390625
658,658,657,473,-7,0,-18,1232,2589,-1.0,0.703125,-1.0,-1.0
659,659,636,612,57,0,-137,12185,11460,9.66796875,9.84375,30.05859375,9.66796875
660,660,569,661,-7,0,-134,10705,10349,7.55859375,7.734375,31.11328125,7.55859375
661,661,605,466,17,0,43,3724,4599,3.69140625,3.8671875,6.50390625,3.69140625
662,662,683,565,15,0,-79,12941,11434,11.42578125,11.6015625,25.48828125,11.42578125
663,663,746,556,-1,0,129,5398,6328,6.328125,6.50390625,26.71875,6.328125
664,664,727,745,31,0,57,2015,2429,2.28515625,2.4609375,4.04296875,2.28515625
665,665,583,542,-32,0,64,9383,9538,6.50390625,6.6796875,18.45703125,6.50390625
666,666,576,741,33,0,51,6928,6455,3.1640625,3.33984375,5.09765625,3.1640625
667,667,696,458,-59,0,-34,5068,4995,4.921875,5.09765625,7.20703125,4.921875
668,668,730,652,0,0,119,1957,1713,4.21875,4.39453125,20.91796875,4.21875
669,669,521,623,0,0,174,2915,2930,4.5703125,4.74609375,28.30078125,4.5703125
670,670,541,499,-54,0,-5,12331,12276,9.66796875,9.84375,10.72265625,9.66796875
671,671,475,641,32,0,89,10587,10183,5.09765625,5.2734375,14.0625,5.09765625
672,672,601,694,44,0,110,11770,11104,6.85546875,7.03125,18.45703125,6.85546875
673,673,718,517,-56,0,48,7926,7660,6.328125,6.50390625,16.69921875,6.328125
674,674,624,480,45,0,-147,1875,2196,4.74609375,4.921875,22.5,4.74609375
675,675,649,466,16,0,91,2557,2707,3.69140625,3.8671875,10.72265625,3.69140625
676,676,730,710,10,0,97,4685,5577,4.39453125,4.5703125,15.1171875,4.39453125
677,677,546,576,-47,0,-176,2835,2217,3.69140625,3.8671875,20.0390625,3.69140625
678,678,648,670,18,0,31,6346,6766,3.33984375,3.515625,5.09765625,3.33984375
679,679,454,638,50,0,-3,8619,7989,3.8671875,4.04296875,5.44921875,3.8671875
680,680,531,728,-12,0,142,9398,10876,7.03125,7.20703125,33.3984375,7.03125
681,681,547,512,-49,0,-131,7390,6288,4.921875,5.09765625,15.46875,4.921875
682,682,615,735,21,0,88,5719,5475,3.515625,3.69140625,10.1953125,3.515625
683,683,703,519,-58,0,87,9475,9936,7.3828125,7.55859375,24.2578125,7.3828125
684,684,545,524,-44,0,85,8761,8686,5.9765625,6.15234375,22.32421875,5.9765625
685,685,475,650,-43,0,-119,3387,4023,2.63671875,2.8125,8.96484375,2.63671875
686,686,659,557,-45,0,45,8937,8161,6.15234375,6.328125,15.64453125,6.15234375
687,687,720,644,-8,0,97,4675,4092,4.5703125,4.74609375,20.390625,4.5703125
688,688,591,512,-56,0,-162,9540,8257,6.85546875,7.03125,21.97265625,6.85546875
689,689,559,680,-22,0,164,1267,1467,4.5703125,4.74609375,28.125,4.5703125
690,690,738,591,-18,0,5,12089,13319,10.8984375,11.07421875,12.48046875,10.8984375
691,691,473,678,-53,0,124,13610,12200,7.3828125,7.55859375,30.234375,7.3828125
692,692,715,680,-25,0,115,8852,9984,7.3828125,7.55859375,31.640625,7.3828125
693,693,617,638,-3,0,87,6578,6804,4.5703125,4.74609375,17.05078125,4.5703125
694,694,643,617,57,0,4,8225,7405,5.09765625,5.2734375,7.20703125,5.09765625
695,695,564,660,39,0,-136,8890,10303,6.50390625,6.6796875,30.9375,6.50390625
696,696,664,558,-26,0,-152,1083,1106,4.04296875,4.21875,19.51171875,4.04296875
697,697,744,455,-60,0,14,742,1920,3.33984375,3.515625,8.0859375,3.33984375
698,698,560,577,48,0,-75,661,1820,2.4609375,2.63671875,16.171875,2.4609375
699,699,491,712,4,0,60,7641,7830,2.8125,2.98828125,8.7890625,2.8125
700,700,647,600,-29,0,71,3552,3997,3.515625,3.69140625,15.46875,3.515625
701,701,593,486,-39,0,-150,2029,3155,3.8671875,4.04296875,16.5234375,3.8671875
702,702,664,618,49,0,109,8724,9133,6.328125,6.50390625,14.94140625,6.328125
703,703,671,624,-17,0,-47,3848,4658,2.98828125,3.1640625,5.44921875,2.98828125
704,704,518,615,1,0,166,13369,12370,11.953125,12.12890625,35.5078125,11.953125
705,705,695,697,-9,0,-173,10081,10348,11.25,11.42578125,37.79296875,11.25
706,706,673,465,46,0,127,6367,6416,6.15234375,6.328125,15.8203125,6.15234375
707,707,580,617,5,0,-26,4517,5198,-1.0,0.703125,4.39453125,-1.0
708,708,627,646,-5,0,-179,13032,13263,14.94140625,15.1171875,37.79296875,14.94140625
709,709,606,487,24,0,-80,5966,6633,5.09765625,5.2734375,18.6328125,5.09765625
710,710,575,534,48,0,70,11594,12585,9.66796875,9.84375,12.83203125,9.66796875
711,711,602,510,17,0,-180,2725,2629,2.98828125,3.1640625,25.48828125,2.98828125
712,712,605,701,-55,0,-128,9706,9964,5.625,5.80078125,17.40234375,5.625
713,713,737,615,20,0,-144,11727,12895,14.4140625,14.58984375,36.5625,14.4140625
714,714,529,607,16,0,138,8139,7066,5.625,5.80078125,26.54296875,5.625
715,715,633,591,-47,0,130,3125,2743,3.515625,3.69140625,25.83984375,3.515625
716,716,672,566,-36,0,82,8331,7210,6.15234375,6.328125,23.203125,6.15234375
717,717,575,719,43,0,178,1908,2697,4.04296875,4.21875,23.02734375,4.04296875
718,718,602,538,-26,0,-67,3655,3545,3.1640625,3.33984375,6.50390625,3.1640625
719,719,717,719,-55,0,44,1344,1318,2.28515625,2.4609375,10.01953125,2.28515625
720,720,661,698,4,0,56,2747,4205,-1.0,0.703125,5.80078125,-1.0
721,721,686,480,5,0,-48,9259,9615,8.0859375,8.26171875,14.765625,8.0859375
722,722,600,610,27,0,-65,5471,6646,3.8671875,4.04296875,14.58984375,3.8671875
723,723,548,547,-7,0,15,2401,2170,1.93359375,2.109375,3.33984375,1.93359375
724,724,533,560,23,0,-119,11787,11701,9.4921875,9.66796875,30.05859375,9.4921875
725,725,741,505,18,0,8,4899,5250,4.5703125,4.74609375,6.50390625,4.5703125
726,726,562,559,-42,0,-137,2146,1135,2.98828125,3.1640625,11.07421875,2.98828125
727,727,616,698,-8,0,-62,9018,10128,4.5703125,4.74609375,12.3046875,4.5703125
728,728,592,646,41,0,68,8421,9398,5.09765625,5.2734375,9.140625,5.09765625
729,729,629,596,-11,0,146,4176,4577,5.09765625,5.2734375,28.125,5.09765625
730,730,706,515,20,0,-72,5638,5886,5.09765625,5.2734375,16.5234375,5.09765625
731,731,590,476,57,0,168,12905,12544,12.48046875,12.65625,25.83984375,12.48046875
732,732,488,668,24,0,107,10203,9142,4.74609375,4.921875,18.80859375,4.74609375
733,733,547,469,-42,0,-14,11002,9786,8.0859375,8.26171875,10.1953125,8.0859375
734,734,472,513,-17,0,33,4323,5658,-1.0,0.703125,6.15234375,-1.0
735,735,529,582,-19,0,21,5865,5113,2.8125,2.98828125,5.2734375,2.8125
736,736,708,456,-57,0,-70,5132,6619,5.625,5.80078125,8.4375,5.625
737,737,594,667,-11,0,7,11977,13166,6.85546875,7.03125,8.61328125,6.85546875
738,738,457,637,52,0,170,6601,7640,4.21875,4.39453125,22.5,4.21875
739,739,496,684,56,0,-35,6230,6114,3.33984375,3.515625,10.01953125,3.33984375
740,740,648,482,-10,0,138,11773,10945,13.53515625,13.7109375,32.6953125,13.53515625
741,741,558,471,0,0,-44,12477,13760,11.953125,12.12890625,15.8203125,11.953125
742,742,561,649,-33,0,112,11175,11605,7.91015625,8.0859375,30.234375,7.91015625
743,743,695,513,31,0,-49,7884,9097,6.6796875,6.85546875,15.46875,6.6796875
744,744,659,570,13,0,-49,12449,13478,10.8984375,11.07421875,17.9296875,10.8984375
745,745,486,587,18,0,-32,4519,4050,2.28515625,2.4609375,5.09765625,2.28515625
746,746,701,646,-51,0,-157,9021,8945,6.6796875,6.85546875,24.2578125,6.6796875
747,747,721,677,-40,0,77,10691,10386,7.55859375,7.734375,25.6640625,7.55859375
748,748,596,738,-27,0,97,7498,8491,5.09765625,5.2734375,25.83984375,5.09765625
749,749,736,589,50,0,-139,12006,12375,15.1171875,15.29296875,31.81640625,15.1171875
750,750,586,718,29,0,68,3714,2361,-1.0,0.703125,-1.0,-1.0
751,751,504,721,39,0,-155,4128,4435,4.74609375,4.921875,28.30078125,4.74609375
752,752,602,707,38,0,172,1916,1873,4.04296875,4.21875,23.02734375,4.04296875
753,753,663,470,29,0,-66,2289,2819,3.515625,3.69140625,13.359375,3.515625
754,754,634,557,57,0,-129,2815,3466,4.921875,5.09765625,23.203125,4.921875
755,755,598,472,-35,0,177,11503,12732,15.29296875,15.46875,29.35546875,15.29296875
756,756,736,576,49,0,-32,7343,7699,5.80078125,5.9765625,12.65625,5.80078125
757,757,662,488,-9,0,94,5349,5892,5.2734375,5.44921875,19.6875,5.2734375
758,758,556,572,26,0,109,1990,3039,2.98828125,3.1640625,9.84375,2.98828125
759,759,601,629,14,0,79,4660,5369,3.33984375,3.515625,9.4921875,3.33984375
760,760,576,597,59,0,56,8419,7675,5.09765625,5.2734375,7.03125,5.09765625
761,761,496,455,-24,0,139,2977,2168,3.8671875,4.04296875,23.5546875,3.8671875
762,762,450,545,0,0,47,7416,7853,3.515625,3.69140625,8.4375,3.515625
763,763,463,680,-27,0,-53,3888,3971,1.93359375,2.109375,3.8671875,1.93359375
764,764,653,561,-37,0,-62,1942,1345,2.63671875,2.8125,4.5703125,2.63671875
765,765,613,466,10,0,-61,9891,9792,8.26171875,8.4375,17.2265625,8.26171875
766,766,708,621,-38,0,-39,6392,7667,-1.0,0.703125,6.328125,-1.0
767,767,573,523,50,0,178,5249,5533,4.921875,5.09765625,22.1484375,4.921875
768,768,671,462,-22,0,57,413,1493,2.8125,2.98828125,9.4921875,2.8125
769,769,586,514,-7,0,157,9041,8651,8.4375,8.61328125,31.46484375,8.4375
770,770,525,662,24,0,-8,1603,2423,-1.0,0.703125,-1.0,-1.0
771,771,688,629,-56,0,172,13148,12545,12.48046875,12.65625,29.35546875,12.48046875
772,772,463,642,44,0,29,7162,8437,-1.0,0.703125,-1.0,-1.0
773,773,537,522,26,0,155,6073,7376,5.80078125,5.9765625,24.43359375,5.80078125
774,774,479,538,4,0,1,4467,4061,2.28515625,2.4609375,3.69140625,2.28515625
775,775,745,667,-27,0,-149,3472,2664,4.921875,5.09765625,23.73046875,4.921875
776,776,450,634,-27,0,97,13564,13506,9.140625,9.31640625,26.71875,9.140625
777,777,606,455,3,0,174,11705,12163,15.99609375,16.171875,32.87109375,15.99609375
778,778,577,498,-58,0,149,968,1837,3.69140625,3.8671875,19.16015625,3.69140625
779,779,482,493,2,0,140,12761,13402,13.53515625,13.7109375,29.53125,13.53515625
780,780,627,571,32,0,123,3777,2853,3.8671875,4.04296875,13.18359375,3.8671875
781,781,453,552,58,0,37,2155,2361,2.28515625,2.4609375,2.98828125,2.28515625
782,782,750,599,-60,0,37,11437,10831,9.140625,9.31640625,17.2265625,9.140625
783,783,521,649,-60,0,74,5443,6132,3.515625,3.69140625,19.51171875,3.515625
784,784,731,610,17,0,35,1563,2034,2.28515625,2.4609375,3.8671875,2.28515625
785,785,452,600,36,0,-92,2852,3424,2.8125,2.98828125,18.80859375,2.8125
786,786,706,523,42,0,-42,2725,1915,3.33984375,3.515625,10.546875,3.33984375
787,787,683,503,-45,0,4,1670,1059,2.8125,2.98828125,5.2734375,2.8125
788,788,523,581,34,0,51,3260,4656,-1.0,0.703125,-1.0,-1.0
789,789,699,706,51,0,-95,8200,6913,4.74609375,4.921875,28.125,4.74609375
790,790,560,716,22,0,78,8101,6612,-1.0,0.703125,10.01953125,-1.0
791,791,480,498,-38,0,-126,8940,8439,5.80078125,5.9765625,18.45703125,5.80078125
792,792,569,578,59,0,155,4550,3581,3.515625,3.69140625,13.53515625,3.515625
793,793,683,514,43,0,-128,13375,13450,12.83203125,13.0078125,31.46484375,12.83203125
794,794,512,698,37,0,143,3244,3693,3.515625,3.69140625,17.75390625,3.515625
795,795,745,463,-15,0,37,2582,3350,3.8671875,4.04296875,8.0859375,3.8671875
796,796,703,622,54,0,79,13324,14384,11.77734375,11.953125,15.29296875,11.77734375
797,797,722,745,21,0,-55,11937,11144,7.20703125,7.3828125,18.6328125,7.20703125
798,798,732,713,-13,0,162,5217,4492,6.328125,6.50390625,34.1015625,6.328125
799,799,516,591,54,0,-5,7478,8880,-1.0,0.703125,6.50390625,-1.0
800,800,450,510,-24,0,-153,12323,11308,9.66796875,9.84375,27.94921875,9.66796875
801,801,527,593,-54,0,-169,6271,5869,4.39453125,4.5703125,21.4453125,4.39453125
802,802,459,484,55,0,25,8340,9005,5.625,5.80078125,7.03125,5.625
803,803,656,572,13,0,28,10897,10379,7.3828125,7.55859375,10.72265625,7.3828125
804,804,712,487,-59,0,113,7507,7342,5.625,5.80078125,25.13671875,5.625
805,805,458,626,-48,0,-36,11893,12010,6.85546875,7.03125,7.734375,6.85546875
806,806,548,489,-47,0,-124,4656,3693,3.8671875,4.04296875,11.42578125,3.8671875
807,807,630,658,-41,0,67,5570,5624,3.8671875,4.04296875,17.75390625,3.8671875
808,808,631,566,23,0,-11,3528,3577,2.8125,2.98828125,4.39453125,2.8125
809,809,738,476,42,0,100,4227,4790,4.921875,5.09765625,10.72265625,4.921875
810,810,649,729,31,0,-113,13494,13689,11.25,11.42578125,34.27734375,11.25
811,811,476,481,0,0,-72,4766,4695,3.33984375,3.515625,10.546875,3.33984375
812,812,673,452,-56,0,-52,960,1625,3.1640625,3.33984375,4.921875,3.1640625
813,813,543,460,-25,0,-18,9666,10271,7.55859375,7.734375,9.66796875,7.55859375
814,814,705,612,26,0,32,11334,11087,8.26171875,8.4375,10.8984375,8.26171875
815,815,484,656,-20,0,-124,7619,8049,4.5703125,4.74609375,22.5,4.5703125
816,816,532,565,9,0,4,12553,12845,8.4375,8.61328125,10.1953125,8.4375
817,817,688,491,36,0,-129,10754,12141,12.48046875,12.65625,30.5859375,12.48046875
818,818,741,546,-54,0,-12,4323,4648,4.39453125,4.5703125,5.9765625,4.39453125
819,819,473,545,52,0,-14,9853,11081,6.50390625,6.6796875,9.31640625,6.50390625
820,820,705,729,31,0,-42,12491,11115,7.734375,7.91015625,16.69921875,7.734375
821,821,678,588,-3,0,-175,11636,11138,13.88671875,14.0625,37.08984375,13.88671875
822,822,617,737,15,0,162,5030,3804,5.2734375,5.44921875,30.5859375,5.2734375
823,823,698,588,43,0,51,4826,4487,3.8671875,4.04296875,5.625,3.8671875
824,824,659,703,-5,0,56,13470,14176,9.66796875,9.84375,18.28125,9.66796875
825,825,536,625,31,0,3,8565,10060,-1.0,0.703125,-1.0,-1.0
826,826,535,527,18,0,-76,6236,6950,4.39453125,4.5703125,16.69921875,4.39453125
827,827,737,500,20,0,-166,9538,9078,12.83203125,13.0078125,33.75,12.83203125
828,828,670,614,-14,0,21,10900,9949,6.50390625,6.6796875,10.72265625,6.50390625
829,829,715,600,-6,0,74,13369,13050,12.3046875,12.48046875,23.90625,12.3046875
830,830,596,682,-44,0,-54,8324,6915,-1.0,0.703125,6.328125,-1.0
831,831,484,700,-23,0,-28,3818,4411,-1.0,0.703125,-1.0,-1.0
832,832,728,717,30,0,-50,3280,3093,2.8125,2.98828125,8.7890625,2.8125
833,833,726,562,51,0,23,12119,12769,11.25,11.42578125,11.6015625,11.25
834,834,681,549,-21,0,-104,5120,4773,4.74609375,4.921875,14.58984375,4.74609375
835,835,627,522,40,0,-86,7655,7693,5.9765625,6.15234375,22.5,5.9765625
836,836,617,734,1,0,101,12866,13631,9.66796875,9.84375,27.59765625,9.66796875
837,837,712,744,-5,0,-6,10390,10496,4.921875,5.09765625,6.50390625,4.921875
838,838,598,621,-14,0,156,13245,14640,14.94140625,15.1171875,35.5078125,14.94140625
839,839,618,559,-28,0,84,9336,9239,6.85546875,7.03125,23.37890625,6.85546875
840,840,620,601,-22,0,-121,6644,7021,5.44921875,5.625,21.62109375,5.44921875
841,841,621,651,28,0,-9,12319,13698,8.7890625,8.96484375,10.1953125,8.7890625
842,842,587,493,-17,0,-1,11830,10709,8.96484375,9.140625,11.6015625,8.96484375
843,843,507,506,-14,0,-131,1316,1657,3.33984375,3.515625,16.69921875,3.33984375
844,844,595,722,41,0,-12,3721,3215,2.28515625,2.4609375,2.98828125,2.28515625
845,845,642,698,-23,0,-29,6244,6407,3.1640625,3.33984375,4.39453125,3.1640625
846,846,558,611,18,0,-52,6367,4954,-1.0,0.703125,9.84375,-1.0
847,847,748,686,4,0,-153,2994,4460,5.625,5.80078125,30.05859375,5.625
848,848,630,526,27,0,90,11375,11364,9.84375,10.01953125,18.984375,9.84375
849,849,693,474,-42,0,13,9923,9379,8.61328125,8.7890625,12.65625,8.61328125
850,850,493,704,-16,0,113,9668,9043,5.625,5.80078125,28.4765625,5.625
851,851,465,500,-37,0,-160,1454,1410,2.98828125,3.1640625,16.69921875,2.98828125
852,852,651,671,-59,0,60,4950,5547,3.69140625,3.8671875,17.05078125,3.69140625
853,853,533,625,56,0,173,3372,4270,3.69140625,3.8671875,18.984375,3.69140625
854,854,656,455,41,0,-104,1130,1710,3.33984375,3.515625,20.390625,3.33984375
855,855,538,638,33,0,163,11195,10437,7.55859375,7.734375,30.05859375,7.55859375
856,856,473,525,-13,0,-51,3496,3180,2.28515625,2.4609375,5.09765625,2.28515625
857,857,491,550,-3,0,147,12156,12705,12.3046875,12.48046875,31.46484375,12.3046875
858,858,686,607,-26,0,-168,11019,11071,12.48046875,12.65625,33.75,12.48046875
859,859,457,586,59,0,-68,2296,1913,2.28515625,2.4609375,15.99609375,2.28515625
860,860,641,650,-33,0,4,12803,11713,8.4375,8.61328125,10.37109375,8.4375
861,861,656,711,40,0,143,13178,12767,9.4921875,9.66796875,27.94921875,9.4921875
862,862,532,657,33,0,-153,3693,3117,4.921875,5.09765625,28.125,4.921875
863,863,670,486,19,0,137,5020,4203,5.625,5.80078125,22.5,5.625
864,864,481,577,-17,0,170,6636,6692,5.9765625,6.15234375,29.1796875,5.9765625
865,865,456,492,-9,0,97,4491,3774,3.515625,3.69140625,16.875,3.515625
866,866,646,472,-11,0,23,8209,9476,6.85546875,7.03125,10.72265625,6.85546875
867,867,545,717,57,0,103,11308,12607,7.20703125,7.3828125,14.0625,7.20703125
868,868,536,555,-47,0,-89,3340,4671,3.1640625,3.33984375,6.50390625,3.1640625
869,869,527,530,-55,0,-48,2323,3170,2.8125,2.98828125,3.8671875,2.8125
870,870,482,621,59,0,114,4634,5301,2.98828125,3.1640625,7.55859375,2.98828125
871,871,587,476,34,0,-23,5417,4977,4.21875,4.39453125,8.61328125,4.21875
872,872,627,742,-46,0,73,5413,4695,3.33984375,3.515625,20.0390625,3.33984375
873,873,454,584,6,0,69,3137,3806,2.28515625,2.4609375,6.6796875,2.28515625
874,874,725,512,56,0,-111,12079,13485,10.546875,10.72265625,27.7734375,10.546875
875,875,588,508,30,0,65,8816,7905,5.9765625,6.15234375,11.25,5.9765625
876,876,550,621,46,0,164,8714,9320,5.9765625,6.15234375,25.48828125,5.9765625
877,877,480,744,11,0,-17,10939,11433,3.1640625,3.33984375,5.625,3.1640625
878,878,553,679,-30,0,-44,3549,2445,-1.0,0.703125,-1.0,-1.0
879,879,573,469,37,0,-67,5089,4050,4.04296875,4.21875,15.8203125,4.04296875
880,880,542,485,-14,0,86,11371,10660,9.140625,9.31640625,23.203125,9.140625
881,881,473,479,22,0,7,3727,2214,-1.0,0.703125,-1.0,-1.0
882,882,744,568,0,0,54,3948,3879,3.69140625,3.8671875,8.0859375,3.69140625
883,883,693,697,-2,0,94,7693,7669,5.44921875,5.625,22.5,5.44921875
884,884,735,615,23,0,-117,7873,7566,6.85546875,7.03125,30.234375,6.85546875
885,885,552,689,-28,0,87,4046,2576,3.1640625,3.33984375,18.984375,3.1640625
886,886,647,588,12,0,82,2144,1269,2.8125,2.98828125,7.91015625,2.8125
887,887,721,458,-1,0,-31,1317,2257,3.1640625,3.33984375,5.80078125,3.1640625
888,888,486,511,35,0,115,13073,12826,10.72265625,10.8984375,21.62109375,10.72265625
889,889,747,713,22,0,-128,10053,11104,8.7890625,8.96484375,35.68359375,8.7890625
890,890,639,619,56,0,114,6045,6108,4.39453125,4.5703125,10.37109375,4.39453125
891,891,521,609,42,0,71,7101,6330,3.8671875,4.04296875,7.03125,3.8671875
892,892,501,744,-21,0,-153,11997,10778,6.85546875,7.03125,32.51953125,6.85546875
893,893,541,663,-5,0,-130,4123,3643,4.04296875,4.21875,23.37890625,4.04296875
894,894,716,479,-22,0,136,8161,8907,8.7890625,8.96484375,30.234375,8.7890625
895,895,692,526,36,0,21,1814,3102,-1.0,0.703125,-1.0,-1.0
896,896,625,607,48,0,-49,790,1339,2.28515625,2.4609375,10.1953125,2.28515625
897,897,633,639,-1,0,-116,8559,9313,6.6796875,6.85546875,27.24609375,6.6796875
898,898,524,744,-3,0,-23,3935,3944,1.0546875,1.23046875,2.4609375,1.0546875
899,899,693,703,1,0,-170,5960,5300,6.6796875,6.85546875,34.453125,6.6796875
900,900,711,659,-32,0,59,3787,2693,3.1640625,3.33984375,12.3046875,3.1640625
901,901,744,693,-15,0,129,7773,8393,7.03125,7.20703125,33.046875,7.03125
902,902,733,475,33,0,-48,4232,4390,4.5703125,4.74609375,12.48046875,4.5703125
903,903,635,700,22,0,-163,3853,2612,5.625,5.80078125,31.11328125,5.625
904,904,551,551,-32,0,20,9967,8516,5.625,5.80078125,10.1953125,5.625
905,905,642,551,24,0,-91,7064,7402,5.80078125,5.9765625,22.67578125,5.80078125
906,906,527,591,18,0,14,7926,8014,3.8671875,4.04296875,5.2734375,3.8671875
907,907,709,725,-6,0,-80,10617,10872,6.85546875,7.03125,19.6875,6.85546875
908,908,564,512,25,0,-177,7681,7310,7.20703125,7.3828125,29.00390625,7.20703125
909,909,511,467,-38,0,11,2873,1722,-1.0,0.703125,5.625,-1.0
910,910,651,691,15,0,99,9465,9222,5.9765625,6.15234375,20.21484375,5.9765625
911,911,733,516,11,0,-107,9910,9159,9.31640625,9.4921875,28.4765625,9.31640625
912,912,707,647,-50,0,-11,10270,11560,8.0859375,8.26171875,8.4375,8.0859375
913,913,710,647,37,0,-59,6283,6529,4.5703125,4.74609375,16.171875,4.5703125
914,914,451,730,-57,0,149,4096,3149,4.04296875,4.21875,25.3125,4.04296875
915,915,731,642,-36,0,-38,8940,9728,6.50390625,6.6796875,8.61328125,6.50390625
916,916,539,548,41,0,-14,11871,12587,8.96484375,9.140625,11.25,8.96484375
917,917,693,618,39,0,-156,7999,8816,8.0859375,8.26171875,31.640625,8.0859375
918,918,542,647,53,0,-130,3498,2564,4.5703125,4.74609375,25.83984375,4.5703125
919,919,517,734,57,0,36,5806,5574,2.98828125,3.1640625,3.1640625,2.98828125
920,920,598,462,19,0,59,8169,6844,5.80078125,5.9765625,11.42578125,5.80078125
921,921,592,663,6,0,-84,9842,10152,5.9765625,6.15234375,20.390625,5.9765625
922,922,726,451,-22,0,-27,5716,6350,5.625,5.80078125,8.4375,5.625
923,923,462,519,51,0,32,3263,3734,2.8125,2.98828125,3.69140625,2.8125
924,924,453,607,-42,0,-2,9281,8410,4.21875,4.39453125,5.625,4.21875
925,925,505,596,43,0,-154,2879,2441,4.04296875,4.21875,24.43359375,4.04296875
926,926,742,538,6,0,111,4553,5570,5.625,5.80078125,21.09375,5.625
927,927,542,487,-11,0,-179,4427,2991,5.09765625,5.2734375,26.3671875,5.09765625
928,928,589,712,11,0,-37,9350,9662,3.8671875,4.04296875,8.96484375,3.8671875
929,929,711,456,-28,0,115,6068,4804,5.9765625,6.15234375,25.6640625,5.9765625
930,930,741,592,7,0,84,2529,1752,3.515625,3.69140625,9.84375,3.515625
931,931,682,596,-22,0,68,3175,1976,3.1640625,3.33984375,11.953125,3.1640625
932,932,513,577,34,0,92,12187,13354,9.140625,9.31640625,17.578125,9.140625
933,933,660,636,-37,0,-97,12774,13206,10.546875,10.72265625,20.0390625,10.546875
934,934,635,602,29,0,-178,3581,4281,5.44921875,5.625,26.71875,5.44921875
935,935,729,619,-49,0,-48,12042,10667,9.140625,9.31640625,11.25,9.140625
936,936,637,708,-32,0,72,11346,11696,7.55859375,7.734375,23.5546875,7.55859375
937,937,626,731,-46,0,-65,13142,12128,8.0859375,8.26171875,11.77734375,8.0859375
938,938,662,613,14,0,-151,3611,3473,5.09765625,5.2734375,29.1796875,5.09765625
939,939,489,503,12,0,-55,1341,2662,-1.0,0.703125,6.50390625,-1.0
940,940,720,620,-60,0,13,6219,5297,4.39453125,4.5703125,8.61328125,4.39453125
941,941,655,469,6,0,159,2154,2698,4.921875,5.09765625,23.90625,4.921875
942,942,603,489,-6,0,-22,9106,9966,6.85546875,7.03125,10.01953125,6.85546875
943,943,673,613,-17,0,-163,10549,9485,9.140625,9.31640625,34.62890625,9.140625
944,944,528,452,3,0,-161,6016,5600,5.9765625,6.15234375,26.71875,5.9765625
945,945,588,565,-22,0,-118,5267,4406,4.39453125,4.5703125,17.9296875,4.39453125
946,946,490,723,-6,0,106,10520,10606,5.80078125,5.9765625,26.54296875,5.80078125
947,947,534,517,-40,0,-100,4655,5290,3.69140625,3.8671875,9.4921875,3.69140625
948,948,561,483,34,0,-31,8381,9584,6.328125,6.50390625,11.77734375,6.328125
949,949,474,692,46,0,83,4898,3485,-1.0,0.703125,-1.0,-1.0
950,950,468,686,39,0,44,7770,8808,-1.0,0.703125,-1.0,-1.0
951,951,580,655,-49,0,2,2747,2610,2.28515625,2.4609375,2.98828125,2.28515625
952,952,465,718,-19,0,-164,6175,6597,4.921875,5.09765625,29.1796875,4.921875
953,953,532,721,-40,0,17,4190,4090,2.109375,2.28515625,3.33984375,2.109375
954,954,502,673,-22,0,-53,4003,3368,1.93359375,2.109375,4.04296875,1.93359375
955,955,658,501,46,0,41,3140,2109,-1.0,0.703125,-1.0,-1.0
956,956,676,741,10,0,-150,8611,8415,7.3828125,7.55859375,36.5625,7.3828125
957,957,573,661,32,0,-152,2544,2134,4.921875,5.09765625,27.94921875,4.921875
958,958,671,474,-6,0,-73,4587,6089,4.74609375,4.921875,11.953125,4.74609375
959,959,707,516,-46,0,18,5345,6369,4.921875,5.09765625,9.140625,4.921875
960,960,664,573,-43,0,146,12758,12489,14.765625,14.94140625,32.51953125,14.765625
961,961,581,599,-16,0,-102,2263,3699,3.1640625,3.33984375,10.8984375,3.1640625
962,962,460,567,-12,0,50,4729,4615,2.4609375,2.63671875,7.20703125,2.4609375
963,963,574,537,17,0,113,9921,9019,7.20703125,7.3828125,23.5546875,7.20703125
964,964,628,513,33,0,105,8867,7473,6.50390625,6.6796875,16.875,6.50390625
965,965,582,636,-21,0,33,9840,9116,4.921875,5.09765625,10.546875,4.921875
966,966,574,614,-45,0,98,4790,4715,3.515625,3.69140625,23.5546875,3.515625
967,967,497,630,53,0,-149,9891,10165,6.6796875,6.85546875,28.30078125,6.6796875
968,968,496,729,-37,0,127,6402,4957,3.8671875,4.04296875,30.05859375,3.8671875
969,969,711,628,50,0,-22,8659,7399,5.625,5.80078125,11.07421875,5.625
970,970,579,714,-52,0,119,5114,4150,3.33984375,3.515625,28.30078125,3.33984375
971,971,626,747,-28,0,82,8535,8416,5.09765625,5.2734375,23.37890625,5.09765625
972,972,665,507,-9,0,16,6325,5680,4.5703125,4.74609375,7.3828125,4.5703125
973,973,501,727,-11,0,-64,3107,3216,1.7578125,1.93359375,4.921875,1.7578125
974,974,716,734,0,0,99,7892,9197,5.9765625,6.15234375,24.609375,5.9765625
975,975,694,680,45,0,74,6194,6530,4.21875,4.39453125,7.3828125,4.21875
976,976,595,539,33,0,12,4565,5971,-1.0,0.703125,-1.0,-1.0
977,977,616,733,32,0,-106,4190,2963,3.515625,3.69140625,25.6640625,3.515625
978,978,725,531,20,0,-77,8860,7853,7.20703125,7.3828125,22.1484375,7.20703125
979,979,661,559,33,0,-78,12269,11072,10.546875,10.72265625,25.48828125,10.546875
980,980,516,631,41,0,-19,13482,14569,9.140625,9.31640625,11.6015625,9.140625
981,981,669,511,20,0,-172,8797,10271,12.48046875,12.65625,31.81640625,12.48046875
982,982,510,743,31,0,-147,7196,7814,5.44921875,5.625,32.34375,5.44921875
983,983,723,675,-31,0,-76,13183,13001,10.546875,10.72265625,18.10546875,10.546875
984,984,496,632,34,0,-145,12799,13870,10.72265625,10.8984375,31.9921875,10.72265625
985,985,586,679,17,0,149,8560,7646,6.15234375,6.328125,30.76171875,6.15234375
986,986,722,560,13,0,54,12140,10859,9.84375,10.01953125,16.34765625,9.84375
987,987,601,589,-41,0,1,3902,4053,2.98828125,3.1640625,4.04296875,2.98828125
988,988,491,577,16,0,104,5382,6526,3.8671875,4.04296875,14.765625,3.8671875
989,989,649,497,4,0,-172,3647,2900,5.44921875,5.625,27.421875,5.44921875
990,990,601,610,51,0,-101,4462,4702,3.33984375,3.515625,24.08203125,3.33984375
991,991,637,727,-41,0,94,3892,4231,3.33984375,3.515625,23.5546875,3.33984375
992,992,549,560,3,0,-50,7478,8566,4.39453125,4.5703125,10.37109375,4.39453125
993,993,592,496,-40,0,171,8264,6822,7.03125,7.20703125,27.7734375,7.03125
994,994,551,583,9,0,-175,6004,5615,6.15234375,6.328125,30.05859375,6.15234375
995,995,565,476,-29,0,-149,9173,10301,9.140625,9.31640625,25.6640625,9.140625
996,996,623,458,-3,0,137,3402,3144,4.74609375,4.921875,23.02734375,4.74609375
997,997,570,509,23,0,59,9546,11036,7.3828125,7.55859375,12.48046875,7.3828125
998,998,531,505,13,0,132,3605,3782,4.21875,4.39453125,19.86328125,4.21875
999,999,687,694,-37,0,7,608,1224,-1.0,0.703125,-1.0,-1.0
